threshold,BAT1,SHM1,SHM2,MIS1,GCV1,MET6,ADE3,CYS4,MET12,DFR1,SAM4,SAH1,STR3,MHT1,CYS3,CDC21,CHA1,MTD1,MET13,ILV1,YLL058W,IRC7,YML082W,STR2,THR1,PDC6,PDC1,PDC5,THI3,BDH1,PGI1,TAL1,TKL1,TPI1,TKL2,NQM1,ZWF1,PGK1,FBA1,GPM1,ENO2,CDC19,ENO1,PYK2,PFK1,ERR3,TDH1,TDH3,TDH2,ARO9,ARO80,ARO10,OAC1,HSP82,HSC82,AHA1,STI1,SBA1,HSP104,CPR6,FES1,ERR1,ILV2,ILV6,ILV3,ILV5,TRP5,HOM6,HOM2,HOM3,DSD1,HIS1,RPO21,RPO26,SPT15,RPB3,RPB5,RPB4,RPB2,SIS1,BTN2,HSP78,HSP26,CUR1,YJL144W,ADH5,LEU1,MBF1,HIS4,HIS3,HIS7,LEU2,LYS2,HIS5,TRP1,HIS6,TYR1,ARO8,ADH3,URA3,URA4,URA6,URA5,URA1,PPR1,URA10,YND1,AMD1,APT1,APT2,HPT1,IDH2,IDH1,KGD1,ACO1,CIT1,FUM1,LSC1,MDH1,MDH3,ACS1,ACS2,MLS1,LAT1,DAL7,LYS20,LYS21,HFA1,ACC1,MDH2,ACH1,LEU4,LEU9,LSC2,CIT2,CIT3,MSC1,SOL4,GAD1,DCS2
800,0.49573365131052644,0.026448323990877293,0.025246089812623475,0.02218870340679856,0.021896421694464138,0.02154133270555921,0.021452959909550675,0.021322897069674964,0.02114494435151001,0.02110614622541282,0.020804195805855605,0.020804195805855605,0.020727740902659456,0.020727740902659456,0.020727740902659456,0.02053765588085994,0.020477865998200118,0.02045544374557164,0.02001207234341391,0.020004199754156987,0.019516624493608047,0.019516624493608047,0.019516624493608047,0.019516624493608047,0.018573179506678045,,,,,,,,,,,,,,,,,,,,,,,,,,,,,,,,,,,,,,,,,,,,,,,,,,,,,,,,,,,,,,,,,,,,,,,,,,,,,,,,,,,,,,,,,,,,,,,,,,,,,,,,,,,,,,,,,,,
801,0.4945200193793375,0.01727884370811436,0.017032367999377643,0.014539104456861265,0.014457336661893024,0.015198317887396322,0.014539104456861265,0.015198317887396322,0.013810544326905292,,0.014646693979502738,0.01464669397950274,0.015198317887396322,0.015198317887396326,0.014593487982565883,0.013409310320270446,,0.01402425089502747,,,0.01434167038021296,0.013736840475382518,0.01434167038021296,0.01434167038021296,,0.04841996560436389,0.04841996560436389,0.04841996560436389,0.039843610937541,0.039843610937541,,,,,,,,,,,,,,,,,,,,,,,,,,,,,,,,,,,,,,,,,,,,,,,,,,,,,,,,,,,,,,,,,,,,,,,,,,,,,,,,,,,,,,,,,,,,,,,,,,,,,,,,,,,,,,
802,0.49219943149100476,0.015786920128494728,0.015562993444547249,0.013267906359665604,0.013214535532464202,0.014329147150115325,0.013267906359665604,0.014329147150115325,0.012622590918643815,,0.014384705803619391,0.014384705803619391,0.014329147150115325,0.014329147150115325,0.014329147150115325,,0.012289969180503284,0.012818989111292775,,,0.013454726764541073,0.013454726764541073,0.013454726764541073,0.013454726764541073,,0.05267925178751312,0.05267925178751312,0.05267925178751312,0.043348473847599475,0.043348473847599475,,,,,,,,,,,,,,,,,,,,,,,,,,,,,,,,,,,,,,,,,,,,,,,,,,,,,,,,,,,,,,,,,,,,,,,,,,,,,,,,,,,,,,,,,,,,,,,,,,,,,,,,,,,,,,
803,0.48615554069605327,0.022520165381811227,0.02220073221087907,0.018926772483680403,0.01885063858008446,0.019924123406180657,0.018926772483680403,0.019924123406180657,0.018006224945784372,,0.020001375559229227,0.020001375559229227,0.019924123406180657,0.019924123406180657,0.019924123406180657,0.017456431282748843,,0.01828638850797027,,,0.01870827577138815,0.018708275771388144,0.018708275771388144,0.01870827577138815,,0.03104209686147573,0.03104209686147573,0.03104209686147573,0.025543785803983126,0.025543785803983126,,,,,,,,,,,,,,,,,,,,,,,,,,,,,,,,,,,,,,,,,,,,,,,,,,,,,,,,,,,,,,,,,,,,,,,,,,,,,,,,,,,,,,,,,,,,,,,,,,,,,,,,,,,,,,
804,0.4153922274706376,,,,,,,,,,,,,,,,,,,,,,,,,0.07498633979580076,0.07498633979580076,0.07498633979580076,0.06170443351543524,0.06170443351543524,0.013740787265856213,0.01337208877537663,0.013288896734787588,0.013265386037369169,0.013086483574990442,0.013086483574990442,0.013067139097793569,0.012985038836448444,0.01261598557246245,0.012534982709111023,0.012513012663510653,0.012165586972212804,0.012163404722388518,0.011895646023014803,0.011796060008921822,0.011674467530174476,0.01100883927629566,0.01100883927629566,0.01097075745908921,,,,,,,,,,,,,,,,,,,,,,,,,,,,,,,,,,,,,,,,,,,,,,,,,,,,,,,,,,,,,,,,,,,,,,,,,,,,,,,,,,,,,,,,,,,
805,0.4149039605890207,,,,,,,,,,,,,,,,,,,,,,,,,0.07453536691272844,0.07453536691272844,0.07453536691272844,0.06133333890864984,0.06133333890864984,0.01391452334642451,0.013534631298886317,0.013450177610937487,0.013445078621226033,0.012993491424772699,0.012993491424772702,0.01322413492867886,0.013168920932718058,0.012786326425410575,0.012704965122853058,0.012682679923815214,0.012330157282198332,0.012327994963842919,0.012055441434316132,0.011954137055630396,0.011830382073584807,0.01115515443473381,0.011155154434733814,0.011116418115958525,,,,,,,,,,,,,,,,,,,,,,,,,,,,,,,,,,,,,,,,,,,,,,,,,,,,,,,,,,,,,,,,,,,,,,,,,,,,,,,,,,,,,,,,,,,
806,0.48833330501779226,0.02241385308736047,0.02145090931872089,0.018947438927824516,0.01810044436950422,0.020050782947264763,0.01835264788979971,0.020050782947264763,0.01741572644271513,0.01739059599536668,0.020128526199572935,0.020128526199572935,0.020050782947264763,0.020050782947264763,0.020050782947264763,,,0.01755741555798902,,,0.018827206053808696,0.018827206053808696,0.018827206053808696,0.018827206053808696,,0.031042959983403857,0.031042959983403857,0.031042959983403857,0.025544496046005536,0.025544496046005536,,,,,,,,,,,,,,,,,,,,,,,,,,,,,,,,,,,,,,,,,,,,,,,,,,,,,,,,,,,,,,,,,,,,,,,,,,,,,,,,,,,,,,,,,,,,,,,,,,,,,,,,,,,,,,
807,0.48833942601408575,0.02243432414818842,0.021470500902004978,0.01896474403700469,0.018116975900082957,0.020072023962198624,0.0183694097633536,0.020072023962198624,0.017431632605478944,0.01740647920594488,0.02014984957266645,0.02014984957266645,0.020072023962198624,0.020072023962198624,0.020072023962198624,,,0.017573451128511778,,,0.018847150859256125,0.018847150859256125,0.018847150859256125,0.018847150859256125,,0.03096262031060642,0.03096262031060642,0.03096262031060642,0.025478386485087098,0.025478386485087098,,,,,,,,,,,,,,,,,,,,,,,,,,,,,,,,,,,,,,,,,,,,,,,,,,,,,,,,,,,,,,,,,,,,,,,,,,,,,,,,,,,,,,,,,,,,,,,,,,,,,,,,,,,,,,
808,0.40834922944213675,,,,,,,,,,,,,,,,,,,,,,,,,0.07588132122626942,0.07588132122626942,0.07588132122626942,0.06244089194672137,0.06244089194672137,0.013908599961156329,0.01353539865098793,0.013451190607437153,0.013427392779927435,0.013246305427860311,0.013246305427860311,0.013226724701546498,0.013143621770858304,0.012770061354426054,0.012688069223970566,0.01266583086386268,0.012314162152092628,0.012311953251013375,0.0120409244836179,0.011940122251187804,0.011817044794819303,0.011143287394539327,0.011143287394539327,0.011104740493909077,,,,,,,,,,,,,,,,,,,,,,,,,,,,,,,,,,,,,,,,,,,,,,,,,,,,,,,,,,,,,,,,,,,,,,,,,,,,,,,,,,,,,,,,,,,
809,0.399860593371178,,,,,,,,,,,,,,,,,,,,,,,,,0.06493729179068435,0.06493729179068435,0.06493729179068435,0.045924537946355114,0.045924537946355114,0.015395752753211178,0.014974025928185574,0.014879962999342487,0.014672029221436775,0.014238935077629376,0.014238935077629376,0.014628816781697265,0.014580177596859048,0.014146335453377883,0.01384047279689525,0.014031440010766187,0.013659769014717955,0.013637274668451143,0.013354495779349022,0.013222023290888306,0.013084984792152931,,,,0.05374011745333185,0.016576453334068507,0.016576453334068507,,,,,,,,,,,,,,,,,,,,,,,,,,,,,,,,,,,,,,,,,,,,,,,,,,,,,,,,,,,,,,,,,,,,,,,,,,,,,,,,,,,,,,,,
810,0.39820067121716823,,,,,,,,,,,,,,,,,,,,,,,,,0.0647643220929144,0.0647643220929144,0.0647643220929144,0.045802211418257674,0.045802211418257674,0.01569311290473043,0.014988254225146705,0.014904699260075725,0.014717965650907296,0.014257847846300515,0.014257847846300515,0.0146463938631512,0.014627119303063768,0.014429604875505772,0.01411697288686809,0.014313709509414553,0.013933181622742572,0.013910032039786914,0.013619139382143125,0.013482949527803604,0.013341536710707301,,,,0.05359697301940647,0.016532299596759396,0.016532299596759396,,,,,,,,,,,,,,,,,,,,,,,,,,,,,,,,,,,,,,,,,,,,,,,,,,,,,,,,,,,,,,,,,,,,,,,,,,,,,,,,,,,,,,,,
811,0.3966405035439484,,,,,,,,,,,,,,,,,,,,,,,,,0.06694011812334681,0.060236437029038505,0.06694011812334681,0.0334969258167949,0.04856812988685732,0.015744544488214628,0.015037818383072804,0.014953415034176177,0.014761849081676678,0.01430266104307087,0.014302661043070864,0.01468744371882374,0.0146727464617396,0.01447171587791359,0.014155242636927839,0.014354767433593124,0.013970889530427629,0.013947400553770774,0.013655105102811477,0.013567279157809477,0.013377036748486554,,,,0.05830391249310322,0.01945563934398906,0.01945563934398906,,,,,,,,,,,,,,,,,,,,,,,,,,,,,,,,,,,,,,,,,,,,,,,,,,,,,,,,,,,,,,,,,,,,,,,,,,,,,,,,,,,,,,,,
812,0.39646826970569277,,,,,,,,,,,,,,,,,,,,,,,,,0.06706059201735685,0.060344846131586055,0.06706059201735687,0.033557211116606867,0.0486555392296594,0.015723155599568536,0.015045358071637866,0.014960610469005806,0.014735038655776293,0.014309867782247583,0.014309867782247583,0.014695158665327569,0.014649411544736058,0.014448246527130636,0.01423345359080675,0.014330808204590869,0.013939456573334723,0.013923351929711452,0.01326470020724488,0.013542041798109689,0.013352270458646261,,,,0.058408843580334366,0.019490654170642125,0.019490654170642132,,,,,,,,,,,,,,,,,,,,,,,,,,,,,,,,,,,,,,,,,,,,,,,,,,,,,,,,,,,,,,,,,,,,,,,,,,,,,,,,,,,,,,,,
813,0.3915758602886571,,,,,,,,,,,,,,,,,,,,,,,,,0.06736051948447265,0.06736051948447265,0.06736051948447265,,0.05351449234386242,0.015524989284920519,0.014855734357572595,0.01477205486877955,0.014549326043055507,0.014129513797734045,0.014129513797734045,0.014509948678856672,0.014464778130711826,0.014266148490303592,0.014054062690237068,0.014150190298099545,0.013763771055256554,0.013747869386020661,0.01309751896055845,0.013371365085095758,0.013183985522952673,0.012484079501571063,,,0.06613114915554344,0.023821044904529468,0.023821044904529468,,,,,,,,,,,,,,,,,,,,,,,,,,,,,,,,,,,,,,,,,,,,,,,,,,,,,,,,,,,,,,,,,,,,,,,,,,,,,,,,,,,,,,,,
814,0.3890340242350649,,,,,,,,,,,,,,,,,,,,,,,,,0.06753580554800116,0.06753580554800116,0.06753580554800116,,0.0536537481687354,0.01562764244743219,0.014953962323160912,0.014869729535167183,0.014645527998710564,0.014222939902542928,0.014222939902542928,0.014605890266475898,0.014560421045041532,0.01436047804071515,0.014146989902927095,0.014243753118503732,0.013854778823505456,0.01383877201045231,0.01318412138698743,0.013459778216202813,0.013271159677060065,0.012566625789904303,,,0.06630323614211671,0.02388303221137341,0.02388303221137341,,,,,,,,,,,,,,,,,,,,,,,,,,,,,,,,,,,,,,,,,,,,,,,,,,,,,,,,,,,,,,,,,,,,,,,,,,,,,,,,,,,,,,,,
815,0.3895443766533979,,,,,,,,,,,,,,,,,,,,,,,,,0.06759792630429505,0.06759792630429504,0.06759792630429504,,0.0537030999368412,0.015564767608027157,0.014895641106154253,0.014811804580348772,0.014583250025249168,0.014238850731755463,0.014238850731755463,0.01454947017861154,0.014496119725556112,0.014299469424290268,0.014086808192205494,0.01418303021307918,0.013795809548412299,0.013779878030290592,0.013128721713082322,0.013402905017993617,0.013215287608465687,0.012513856320598999,,,0.06636422315693735,0.023905000292031117,0.023905000292031117,,,,,,,,,,,,,,,,,,,,,,,,,,,,,,,,,,,,,,,,,,,,,,,,,,,,,,,,,,,,,,,,,,,,,,,,,,,,,,,,,,,,,,,,
816,0.23166992158950667,,,,,,,,,,,,,,,,,,,,,,,,,0.0684678396815807,0.06846783968158072,0.0684678396815807,,0.05439420168494022,0.015679085651223827,0.015007102033510246,0.01492271383448068,0.014686612694603097,0.014425214922063367,0.014425214922063367,0.014658947625990926,0.014596198806024065,0.014400884748839684,0.01418662599107635,0.01428338517573029,0.013893531307350744,0.013877494957616395,0.013222516772888292,0.013498306941001301,0.013309582030584717,,,,0.06721826008756021,0.024212632207312724,0.024212632207312724,0.16381541476357794,,,,,,,,,,,,,,,,,,,,,,,,,,,,,,,,,,,,,,,,,,,,,,,,,,,,,,,,,,,,,,,,,,,,,,,,,,,,,,,,,,,,,,,
817,0.23258679906084048,,,,,,,,,,,,,,,,,,,,,,,,,0.06870997452892434,0.06870997452892436,0.06870997452892434,,0.05458656545430427,0.015460710065350654,0.014801764541659105,0.014718676370477388,0.014477531970376005,0.014391010056809529,0.014391010056809529,0.014459175582875806,0.014379820979118342,0.014196139170358453,0.013984750446051502,0.014079850661619623,0.013695755080690186,0.01367995463963387,0.013035837460983335,0.013307050712857533,0.013121433884453347,,,,0.06745597582710594,0.02429825959136005,0.02429825959136005,0.164463745208132,,,,,,,,,,,,,,,,,,,,,,,,,,,,,,,,,,,,,,,,,,,,,,,,,,,,,,,,,,,,,,,,,,,,,,,,,,,,,,,,,,,,,,,
818,0.23264120718044942,,,,,,,,,,,,,,,,,,,,,,,,,0.06886833753794043,0.06886833753794043,0.06886833753794043,,0.05471237677669906,0.015382471822158244,0.014729580424776276,0.014647001057407407,0.014399439381052202,0.014429212942561187,0.014429212942561187,0.01438944486378116,0.014298404111036491,0.014119664117429221,0.01390929556318884,0.014003689578708026,0.013621815580869341,0.013606110451340301,0.012966529460185146,0.013235829710584086,0.013051510614018824,,,,0.067611448615174,0.02435426231191297,0.02435426231191297,0.16450221756837236,,,,,,,,,,,,,,,,,,,,,,,,,,,,,,,,,,,,,,,,,,,,,,,,,,,,,,,,,,,,,,,,,,,,,,,,,,,,,,,,,,,,,,,
819,0.2423460003467735,,,,,,,,,,,,,,,,,,,,,,,,,0.06699800738314392,0.06699800738314392,0.06699800738314392,,0.053226494994382575,0.014951415273774879,0.014316819577856132,0.014236554297421879,0.013995929937965768,0.014024869167463256,0.014024869167463252,0.01398621549285526,0.013897725936894438,0.01372399469907058,0.013519521214486598,0.013611270066147325,0.013240097162991528,0.013224832131712301,0.01260317385009605,0.012864927612664041,0.012685773612741582,,,,0.06577525311989624,0.023692847896693483,0.023692847896693483,0.17136454439452398,,,,,,,,,,,,,,,,,,,,,,,,,,,,,,,,,,,,,,,,,,,,,,,,,,,,,,,,,,,,,,,,,,,,,,,,,,,,,,,,,,,,,,,
820,0.24241987487186317,,,,,,,,,,,,,,,,,,,,,,,,,0.06698509142851669,0.06698509142851669,0.06698509142851669,,0.05321623392810366,0.014947639138629003,0.014313203716441335,0.014232958707836927,0.013992395120560846,0.014021327041155487,0.014021327041155494,0.013982683128934298,0.013894215921929498,0.013720528561733348,0.01351610671905064,0.013607832398586392,0.013236753239000625,0.013221492063063516,0.012599990787700053,0.012861678441637905,0.012682569688918012,,,,0.06576257288927337,0.023688280361622276,0.023688280361622276,0.1714167815856319,,,,,,,,,,,,,,,,,,,,,,,,,,,,,,,,,,,,,,,,,,,,,,,,,,,,,,,,,,,,,,,,,,,,,,,,,,,,,,,,,,,,,,,
821,0.25018013641740566,,,,,,,,,,,,,,,,,,,,,,,,,0.06408712242867215,0.06408712242867215,0.06408712242867215,,0.050913945569257504,0.013856882355549336,0.013485522049380808,0.01340157213482485,0.013175225455535356,0.013319411404044022,0.013365736078841162,0.013011418570152367,0.01305204570940985,,,,,,,,,,,,0.06291749358104391,0.02266345676754142,0.02266345676754142,0.17690411656219998,0.01652800207065912,0.01606141148845873,0.014485581763384587,0.01394830519263222,0.013856900468515856,0.013775825201058238,0.013201915006231628,0.012970272100315391,,,,,,,,,,,,,,,,,,,,,,,,,,,,,,,,,,,,,,,,,,,,,,,,,,,,,,,,,,,,,,,,,,,,,,,,,,,,,,,
822,0.25548645144513993,,,,,,,,,,,,,,,,,,,,,,,,,0.06516156768542522,0.06516156768542522,0.06516156768542522,,0.051767537449285465,0.014004854893100932,0.01365894866940326,0.013573612124442448,0.01331258098542168,0.013594759670469815,0.013642405313263275,0.013178102587657076,0.013180709693794878,0.012834894373214861,0.012666105819653536,0.012727279462854962,0.012091942054905975,0.012365993300455751,0.01181463546047016,0.01203207765571239,0.011866990881762284,,,,0.06397232956030298,0.02304341833708474,0.02304341833708474,0.18065624886824322,,,,,,,,,,,,,,,,,,,,,,,,,,,,,,,,,,,,,,,,,,,,,,,,,,,,,,,,,,,,,,,,,,,,,,,,,,,,,,,,,,,,,,,
823,0.25548888166388056,,,,,,,,,,,,,,,,,,,,,,,,,0.06513388768757557,0.06513388768757557,0.06513388768757557,,0.05174554710472845,0.014051343788074882,0.013691504261361558,0.013605614634434084,0.013354115210659307,0.013629677945869988,0.013677851714648175,0.01320724220239787,0.013222922144932776,0.012880901847578353,0.012710446056864009,0.012772272122381674,0.012130912930685155,0.012408209765096437,0.011851676493624869,0.011593016143776903,0.011905819438394352,,,,0.06394515473919961,0.023033629717923543,0.023033629717923543,0.18065796729283728,,,,,,,,,,,,,,,,,,,,,,,,,,,,,,,,,,,,,,,,,,,,,,,,,,,,,,,,,,,,,,,,,,,,,,,,,,,,,,,,,,,,,,,
824,0.25386186534207417,,,,,,,,,,,,,,,,,,,,,,,,,0.06508515725047194,0.06508515725047194,0.06508515725047194,,0.05170683326131909,0.014254732684557537,0.013893308639173894,0.01380151173722878,0.013511117525818126,0.013849410058833476,0.013901181535744381,0.01376845180201859,0.01340564468327677,0.013024677787031508,0.013214955756074905,0.012932549495803018,0.012210987682243,0.012932549495803018,0.011914076444466112,0.011642269964561986,0.011480804119684773,,,,0.06389731366212395,0.02301639692430279,0.02301639692430279,0.17950749272214145,,,,,,,,,,,,,,,,,,,,,,,,,,,,,,,,,,,,,,,,,,,,,,,,,,,,,,,,,,,,,,,,,,,,,,,,,,,,,,,,,,,,,,,
825,0.25422772823904305,,,,,,,,,,,,,,,,,,,,,,,,,0.06517895725524717,0.06517895725524717,0.06517895725524717,,0.05178135257435015,0.014161951705397802,0.013805249055295208,0.013714141735887983,0.013422373714054041,0.013874911852882595,0.013926719303086803,0.013681010886233082,0.013309322624126818,0.012939263846898306,0.013128001113874573,0.012847397336080516,0.012131316156952874,0.01284739733608052,0.011836851891809866,0.011566771177153136,0.011406633201747457,,,,0.06398940175993043,0.02304956789956985,0.02304956789956985,0.1797661969242336,,,,,,,,,,,,,,,,,,,,,,,,,,,,,,,,,,,,,,,,,,,,,,,,,,,,,,,,,,,,,,,,,,,,,,,,,,,,,,,,,,,,,,,
826,0.25805776301520467,,,,,,,,,,,,,,,,,,,,,,,,,0.06473858060224172,0.06473858060224172,0.06473858060224172,,0.05143149581543502,0.013912740418699403,0.013584595888558293,0.013498360229687322,0.013214704821283473,0.01363542604376198,0.013684250002574961,0.013101495888240966,0.01307986623827479,0.012762682859124226,0.012571507397868,0.012653435268347665,0.011993326279919178,0.0122910274533087,0.011716319604525639,0.011461415191909543,0.01131467183974043,,,,0.0635570622478927,0.02289383525222042,0.02289383525222042,0.18247444118447712,,,,,,,,,,,,,,,,,,,,,,,,,,,,,,,,,,,,,,,,,,,,,,,,,,,,,,,,,,,,,,,,,,,,,,,,,,,,,,,,,,,,,,,
827,0.2709212427502572,,,,,,,,,,,,,,,,,,,,,,,,,0.06135531214623917,0.06135531214623918,0.06135531214623917,,0.048743661824966554,0.0137874991598997,0.013171000993348727,0.013094985566186684,0.012839817959612445,0.013148538226754665,0.013070329002441787,0.01310421359753856,0.012720167476327853,0.012624366174920375,0.01278953116949315,0.012513754975570607,0.011807539877686849,0.012513754975570607,0.01151638344430952,0.01125350938845126,0.01111314376607356,,,,0.06023554049287234,0.02169739273023108,0.02169739273023108,0.19157029727853792,,,,,,,,,,,,,,,,,,,,,,,,,,,,,,,,,,,,,,,,,,,,,,,,,,,,,,,,,,,,,,,,,,,,,,,,,,,,,,,,,,,,,,,
828,0.27385989307542963,,,,,,,,,,,,,,,,,,,,,,,,,0.06180767332212364,0.06180767332212364,0.06180767332212364,,0.0491030396752088,0.013203654067791988,0.012861484819731374,0.012780702888462983,0.012627032843336142,0.012910932565082429,0.012854278760837902,0.012430706805386726,0.012390324676043694,0.012110396203081464,0.012027057357948475,0.01202581951340068,0.011367835958647042,0.011681318815138375,0.011104234050764753,0.010893653423336912,0.010302004293229129,,,,0.06067964580297893,0.02185736352568039,0.02185736352568039,0.19364823738643086,,,,,,,,,,,,,,,,,,,,,,,,,,,,,,,,,,,,,,,,,,,,,,,,,,,,,,,,,,,,,,,,,,,,,,,,,,,,,,,,,,,,,,,
829,0.2509616122224715,,,,,,,,,,,,,,,,,,,,,,,,,0.06646343561845078,0.06646343561845078,0.06646343561845078,,0.05280180503017423,0.014113078825935309,0.01374620079516409,0.013660139431736072,0.013605062564775266,0.013797264177776755,0.013736857347055717,0.013286818779732944,0.01324483676734381,0.012946999315716847,0.012976311457856687,0.012856865964999936,0.012143397331982686,0.01248947212350187,0.011862010225180731,0.011648849658927964,0.011017360863754384,,,,0.06525043761408038,0.023503804550399462,0.023503804550399462,0.17745670354568158,,,,,,,,,,,,,,,,,,,,,,,,,,,,,,,,,,,,,,,,,,,,,,,,,,,,,,,,,,,,,,,,,,,,,,,,,,,,,,,,,,,,,,,
830,0.2745735363486027,,,,,,,,,,,,,,,,,,,,,,,,,0.06174471144643215,0.06174471144643216,0.06174471144643215,,0.04905301968070113,0.013137514620662975,0.012785524583289042,0.012706285638439625,0.012661597356732461,0.01273420089764018,0.012807136717991073,0.012384997350770725,0.01230332189922963,0.012067305537700291,0.01207688471944885,0.01196396718727456,0.011297514275930596,0.011621008432824336,0.011034809675236588,0.0108530196938396,0.01026333251908319,,,,0.06061783301969977,0.02183509799566965,0.02183509799566965,0.1941528595142668,,,,,,,,,,,,,,,,,,,,,,,,,,,,,,,,,,,,,,,,,,,,,,,,,,,,,,,,,,,,,,,,,,,,,,,,,,,,,,,,,,,,,,,
831,0.2741163468321221,,,,,,,,,,,,,,,,,,,,,,,,,0.06183640903136008,0.06183640903136008,0.06183640903136008,,0.049125868728542986,0.013156443881179826,0.012803946677016039,0.012724593560295195,0.012679840889230463,0.012752549041351183,0.012825589951681746,0.012402842342622117,0.012321049208555467,0.012084692781547788,0.01209428576551329,0.011981205535488976,0.01131379236178601,0.011637752627022796,0.011050709241716833,0.010868657327220884,0.010278120498441113,,,,0.0607078570680961,0.021867525481456915,0.021867525481456915,0.19382957762357522,,,,,,,,,,,,,,,,,,,,,,,,,,,,,,,,,,,,,,,,,,,,,,,,,,,,,,,,,,,,,,,,,,,,,,,,,,,,,,,,,,,,,,,
832,0.2697582440830025,,,,,,,,,,,,,,,,,,,,,,,,,0.06278018138327406,0.06278018138327406,0.06278018138327406,,0.04987564765969405,0.013310288015569145,0.012953743793529059,0.012873466873073952,0.012828026923456123,0.012905970825974214,0.012979895289998095,0.012547969477006536,0.012464774795727093,0.012225938425177914,0.012235624603889904,0.012121230021376363,0.011446046748675212,0.011773768535637344,0.01117990717109134,0.010995719360302435,0.010398302375093172,,,,0.06163440500227122,0.02220127652356071,0.02220127652356071,0.1907479328225107,,,,,,,,,,,,,,,,,,,,,,,,,,,,,,,,,,,,,,,,,,,,,,,,,,,,,,,,,,,,,,,,,,,,,,,,,,,,,,,,,,,,,,,
833,0.27376971716310095,,,,,,,,,,,,,,,,,,,,,,,,,0.06092589378481241,0.06092589378481241,0.06092589378481241,,0.04840251086902443,0.013626404360448733,0.012996799872649012,0.012934418433995096,0.012673763662676033,0.013015993199191039,0.013096303224256022,0.012974267954573857,0.012525174381036546,0.012484460630619301,0.01262672866579544,0.012394551722974656,0.011644967804977828,0.012394551722974658,0.011355414783989414,0.011157118641761329,,,,,0.05981395927694677,0.021545535319559918,0.021545535319559918,0.19358447337089335,,,,,,,,,0.010659668264558417,,,,,,,,,,,,,,,,,,,,,,,,,,,,,,,,,,,,,,,,,,,,,,,,,,,,,,,,,,,,,,,,,,,,,,,,,,,,,,
834,0.2662511777424912,,,,,,,,,,,,,,,,,,,,,,,,,0.06305369667719372,0.06305369667719372,0.06305369667719372,,0.05009294159113067,0.013651561868335688,0.013297892736732821,0.0132264712672698,0.012950203114224934,0.013270939855765657,0.013348377641912148,0.012890725852266988,0.012775935703146005,0.012547693568427208,0.012317557819698975,0.012438393967681084,0.011740023028748403,0.012078588415232891,0.011465282104221023,0.011290260469205131,,,,,0.06190292847621344,0.022298001135371906,0.022298001135371906,0.1882680617920702,,,,,,,,,0.010437890682900845,,,,,,,,,,,,,,,,,,,,,,,,,,,,,,,,,,,,,,,,,,,,,,,,,,,,,,,,,,,,,,,,,,,,,,,,,,,,,,
835,0.19101004204298377,,,,,,,,,,,,,,,,,,,,,,,,,0.06777705019897902,0.06777705019897902,0.06777705019897902,,0.05384540472255293,0.01440591217978074,0.014017625260916716,0.013943535029118947,0.013924659411124144,0.013968193594616454,0.014048266004892522,0.013591276117598425,0.01373866268236606,0.013504330158600756,0.013263699834361539,0.013390970865344918,0.012661504148792802,0.012766423454456747,0.012111041139190521,0.01189896351812428,,,,,0.06654007793192017,0.023968344790728527,0.023968344790728527,0.11805078586243171,,,,,,,,,,0.11805078586243171,,,,,,,,,,,,,,,,,,,,,,,,,,,,,,,,,,,,,,,,,,,,,,,,,,,,,,,,,,,,,,,,,,,,,,,,,,,,,
836,0.23108226244455127,,,,,,,,,,,,,,,,,,,,,,,,,0.06956553059231248,0.06956553059231248,0.06956553059231248,,0.05526626104980042,0.015466872584327178,0.01430001042332656,0.014715122109547485,0.014426305985584227,0.014790715127380782,0.01487899338811828,0.014345019275041504,0.014228687086009006,0.014222252538270669,0.013959164162797669,0.01409973067777652,0.013330920067330798,0.013688270780677074,0.013014423266214858,0.012783427019209289,,,,,0.06829591747351639,0.024600814256322347,0.024600814256322347,0.16339987689008112,,,,,,,,,0.011807547360856731,,,,,,,,,,,,,,,,,,,,,,,,,,,,,,,,,,,,,,,,,,,,,,,,,,,,,,,,,,,,,,,,,,,,,,,,,,,,,,
837,0.23211896610159233,,,,,,,,,,,,,,,,,,,,,,,,,0.06985894996659452,0.06985894996659452,0.06985894996659452,,0.05549936775649939,0.015107205670110521,0.014226374886556818,0.01461366300796884,0.014604442127068556,0.01452750332738652,0.014612143270501879,0.013706438270102594,0.014414407144967964,0.014159598622910202,0.013904700082856119,0.014041460210222128,0.013302065253941347,0.01337879144852035,0.0127151201180474,0.011838708117776991,,,,,0.06858398176628426,0.02470457764983719,0.02470457764983719,0.16413293726494504,,,,,,,,,0.011526120352282732,,,,,,,,,,,,,,,,,,,,,,,,,,,,,,,,,,,,,,,,,,,,,,,,,,,,,,,,,,,,,,,,,,,,,,,,,,,,,,
838,0.23117180842024673,,,,,,,,,,,,,,,,,,,,,,,,,0.06957389165282174,0.06957389165282177,0.06957389165282174,,0.05527290348534034,0.015551452433054676,0.013714315433070058,0.014770990869526919,0.014789435119018325,0.014740147082001656,0.014828563709186391,0.01387329870071634,0.013964219392268124,0.014584542361469853,0.014351320326335312,0.014079824675182538,0.013688381770103081,0.013803257088409475,0.013074358714728434,0.012174389561262336,,,,,0.06830412593960111,0.024603771020898474,0.024603771020898474,0.16346319547303878,,,,,,,,,0.011870252445177205,,,,,,,,,,,,,,,,,,,,,,,,,,,,,,,,,,,,,,,,,,,,,,,,,,,,,,,,,,,,,,,,,,,,,,,,,,,,,,
839,0.23115175973132537,,,,,,,,,,,,,,,,,,,,,,,,,0.06957719123470525,0.06957719123470522,0.06957719123470522,,0.05527552483462316,0.015552573129175469,0.013715303738192765,0.014772055322653662,0.014790500901307015,0.014741209312409123,0.014829632311228372,0.01387429846277094,0.013965225706409535,0.014585593378416237,0.014352354536425154,0.014080839320275198,0.013689368206348553,0.013804251803002208,0.013075300902164397,0.01217526689353809,,,,,0.06830736530211431,0.024604937868909955,0.024604937868909955,0.16344901890549568,,,,,,,,,0.01187110786018911,,,,,,,,,,,,,,,,,,,,,,,,,,,,,,,,,,,,,,,,,,,,,,,,,,,,,,,,,,,,,,,,,,,,,,,,,,,,,,
840,0.2302720109096549,,,,,,,,,,,,,,,,,,,,,,,,,0.069303086942943,0.069303086942943,0.069303086942943,,0.055057762974483254,0.015664962266094325,0.013772607024547488,0.014864000634348042,0.01486797291670167,0.014850444240439901,0.014943076184561453,0.01434856041901872,0.014052962313594795,0.014672786700703077,0.01481285932639392,0.014547279068192595,0.013715664441669289,0.01425586117889974,0.01306879896872721,,,,0.0122158337926842,,0.06803826357989733,0.02450800496678028,0.02450800496678028,0.1628269423876598,,,,,,,,,0.012226079909338739,,,,,,,,,,,,,,,,,,,,,,,,,,,,,,,,,,,,,,,,,,,,,,,,,,,,,,,,,,,,,,,,,,,,,,,,,,,,,,
841,0.2297695240509215,,,,,,,,,,,,,,,,,,,,,,,,,0.06940266137783295,0.06940266137783295,0.06940266137783295,,0.05513686977731589,0.01568648956695657,0.01379153378926218,0.014884427227673757,0.014888404968867043,0.014870852204127998,0.014963611446081274,0.014368278677628812,0.014072274351670067,0.014692950521619338,0.014833215639670178,0.014567270412436417,0.01373451295403375,0.01427545204719776,0.013086758537510653,,,,0.012232621188968418,,0.06813602072096725,0.024543217983292176,0.024543217983292176,0.16247163043083823,,,,,,,,,0.012242881386169857,,,,,,,,,,,,,,,,,,,,,,,,,,,,,,,,,,,,,,,,,,,,,,,,,,,,,,,,,,,,,,,,,,,,,,,,,,,,,,
842,0.2297030954027171,,,,,,,,,,,,,,,,,,,,,,,,,0.06938681083654949,0.0693868108365495,0.06938681083654949,,0.055124277331820355,0.015705930003399808,0.013840674206363852,0.0149356082375539,0.014903575274273526,0.014926392916328328,0.015019986139215707,0.014418823105750028,0.014081920219083846,0.01439030119977496,0.014878878233347168,0.014579980721566804,0.013778208480601269,0.014286955423960138,0.013127695904228619,,,,0.012273367225429075,,0.06812045946167418,0.024537612675337838,0.024537612675337838,0.16242465827112446,,,,,,,,,0.012243554381462775,,,,,,,,,,,,,,,,,,,,,,,,,,,,,,,,,,,,,,,,,,,,,,,,,,,,,,,,,,,,,,,,,,,,,,,,,,,,,,
843,0.23007955690658538,,,,,,,,,,,,,,,,,,,,,,,,,0.06949206970154154,0.06949206970154154,0.06949206970154154,,0.05520790012404121,0.015605239997960185,0.013755201224439278,0.014841881303100912,0.014806632002344854,0.01495296329614588,0.015046575325246437,0.014328920551304783,0.013981036685121472,0.014297443502215222,0.014782065665015826,0.01448501165868472,0.013689219235712816,0.014194386434505317,0.013044024250314088,,,,0.012195472182848078,,0.0682237972885497,0.024574835905929952,0.024574835905929952,0.16269085682195736,,,,,,,,,0.01216593462742195,,,,,,,,,,,,,,,,,,,,,,,,,,,,,,,,,,,,,,,,,,,,,,,,,,,,,,,,,,,,,,,,,,,,,,,,,,,,,,
844,0.2309246700204966,,,,,,,,,,,,,,,,,,,,,,,,,0.06930311299466684,0.06930311299466684,0.06930311299466684,,0.05505778367124726,0.015612925277237623,0.01376342323752272,0.014850721950409266,0.014777389204043135,0.014966594462858173,0.0150607076527246,0.01433696266135584,0.013950784233440445,0.014266470425532604,0.014493837120069703,0.014454522911461853,0.013656578133680498,0.014196897497014617,0.01304591301897419,,,,0.012159573817464556,,0.06803828915616139,0.024508014179584578,0.024508014179584578,0.1632884421896548,,,,,,,,,0.012172146015480471,,,,,,,,,,,,,,,,,,,,,,,,,,,,,,,,,,,,,,,,,,,,,,,,,,,,,,,,,,,,,,,,,,,,,,,,,,,,,,
845,0.23100923956051012,,,,,,,,,,,,,,,,,,,,,,,,,0.06945744554376489,0.06945744554376489,0.06945744554376489,,0.05518049796971256,0.015524578106577468,0.013661142041116327,0.014770867564642305,0.01468368980468331,0.015090412062652582,0.015192420378677015,0.014229785293819441,0.013854805268563735,0.014176851164898408,0.014402207761945509,0.014362270827398065,0.013570659665091562,0.014107031504620077,0.012965614187076296,,,,0.012085445828925926,,0.0681894812451166,0.024562216043210267,0.024562216043210267,0.16334824190028893,,,,,,,,,0.012097989145968505,,,,,,,,,,,,,,,,,,,,,,,,,,,,,,,,,,,,,,,,,,,,,,,,,,,,,,,,,,,,,,,,,,,,,,,,,,,,,,
846,0.23131259940461893,,,,,,,,,,,,,,,,,,,,,,,,,0.06939850536389404,0.06939850536389404,0.06939850536389404,,0.05513367291805343,0.015511132710950755,0.013649310514475505,0.014758074936282747,0.014670972678502581,0.015077342685890166,0.01517926265541289,0.01421746128142792,0.0138428060157088,0.014164572997250657,0.014389734419357508,0.01434983207305339,0.01355890650266357,0.014094813805794635,0.012954385037331175,,,,0.012074978967966513,,0.06813161703403854,0.024541373044734298,0.024541373044734298,0.16356274975847068,,,,,,,,,0.012087511421598893,,,,,,,,,,,,,,,,,,,,,,,,,,,,,,,,,,,,,,,,,,,,,,,,,,,,,,,,,,,,,,,,,,,,,,,,,,,,,,
847,0.2313573026624156,,,,,,,,,,,,,,,,,,,,,,,,,0.06939066653994845,0.06939066653994845,0.06939066653994845,,0.05512744536094375,0.015508830750245128,0.013647284861220589,0.014755884734623902,0.014668795403428693,0.01507510510266172,0.015177009946547304,0.014215351310620915,0.013840751646366618,0.014162470875435356,0.014387598882010553,0.014347702457494027,0.013556894265997039,0.014092722036731816,0.01295246251588305,,,,0.012073186956536811,,0.06812392130992663,0.024538601003727463,0.024538601003727463,0.16359435974334485,,,,,,,,,0.012085717550265319,,,,,,,,,,,,,,,,,,,,,,,,,,,,,,,,,,,,,,,,,,,,,,,,,,,,,,,,,,,,,,,,,,,,,,,,,,,,,,
848,0.23165346712938312,,,,,,,,,,,,,,,,,,,,,,,,,0.06933291351454618,0.06933291351454618,0.06933291351454618,,0.05508156344467106,0.015495784117575831,0.013635804233481154,0.014743471509478608,0.01465645544122191,0.01506242333690563,0.015164242454466209,0.01420339280325171,0.013829108266829824,0.01415055685314851,0.014375495473273325,0.014335632611183516,0.013545489678348021,0.014080866689885585,0.012941566399771603,,,,0.012063030521283493,,0.0680672225814939,0.024518177818337133,0.024518177818337133,0.1638037797002458,,,,,,,,,0.012075550573788346,,,,,,,,,,,,,,,,,,,,,,,,,,,,,,,,,,,,,,,,,,,,,,,,,,,,,,,,,,,,,,,,,,,,,,,,,,,,,,
849,0.2318147906377532,,,,,,,,,,,,,,,,,,,,,,,,,0.06917984909321893,0.06917984909321893,0.06917984909321893,,0.054959961348248425,0.015539077404408632,0.013677478534931497,0.0147848547819593,0.01470052258711895,0.01510628424891204,0.015208577376702384,0.01424313274483784,0.01386662711855527,0.014189100412898389,0.014332842586286787,0.01437449419315288,0.013589700623773212,0.014118606869434568,0.01298332589964619,,,,0.012102808836150948,,0.06791695239223376,0.02446404969203281,0.02446404969203281,0.16391785267637252,,,,,,,,,0.01210536206290077,,,,,,,,,,,,,,,,,,,,,,,,,,,,,,,,,,,,,,,,,,,,,,,,,,,,,,,,,,,,,,,,,,,,,,,,,,,,,,
850,0.23271550027613394,,,,,,,,,,,,,,,,,,,,,,,,,0.06978721021305061,0.06978721021305061,0.06978721021305061,,0.05544247965535543,0.015238120007192324,0.013406080163924158,0.014495675371684315,0.014391815504430762,0.015119227974634986,0.015224667264022256,0.014018536001254517,0.013565409589721224,0.01389625301814181,0.014127550435369481,0.013578558191531757,0.01329838478904252,0.013326651111255125,0.012688934792525869,0.01177801816518544,,,0.011900869091385931,,0.06851322597191327,0.024678830626240246,0.024678830626240246,0.16455475073366255,,,,,,,,,,,,,,,,,,,,,,,,,,,,,,,,,,,,,,,,,,,,,,,,,,,,,,,,,,,,,,,,,,,,,,,,,,,,,,,,,,,,,,,
851,0.23266018349074588,,,,,,,,,,,,,,,,,,,,,,,,,0.06977604073057533,0.06977604073057533,0.06977604073057533,,0.05543360605512114,0.015250147194392891,0.013416227130387976,0.014506844421083302,0.014403915187145979,0.01512305060879578,0.01522144133148651,0.014029186513820853,0.013577109108338844,0.013907883198426028,0.014139395791130915,0.013589982092841225,0.013309517955921496,0.013337813423818425,0.012699457380517264,0.011787777263372325,,,0.011910681889194405,,0.06850226039133651,0.02467488076543697,0.02467488076543697,0.1645156358495224,,,,,,,,,,,,,,,,,,,,,,,,,,,,,,,,,,,,,,,,,,,,,,,,,,,,,,,,,,,,,,,,,,,,,,,,,,,,,,,,,,,,,,,
852,0.23273011505947164,,,,,,,,,,,,,,,,,,,,,,,,,0.06977519737778849,0.06977519737778849,0.06977519737778849,,0.055432936053131036,0.015242099650246633,0.01340916846186898,0.014499201541268018,0.014396298490973602,0.015115840016306817,0.015214184612746423,0.014021800070627019,0.013569878065394161,0.013900533534095979,0.014131923122697607,0.013582796698754973,0.013302484045793546,0.013330764279400534,0.012692751200942643,0.011781554430023294,,,0.011904396088303607,,0.06850143243418101,0.024674582530838957,0.024674582530838957,0.16456508494872904,,,,,,,,,,,,,,,,,,,,,,,,,,,,,,,,,,,,,,,,,,,,,,,,,,,,,,,,,,,,,,,,,,,,,,,,,,,,,,,,,,,,,,,
853,0.07750470820595584,,,,,,,,,,,,,,,,0.07793486795859879,,,0.09566143996974712,,,,,,0.015074113798063723,0.015074113798063723,0.015074113798063723,,0.011975636295250143,,,,,,,,,,,,,,,,,,,,0.01479893180742079,,,,,,,,,,,,,0.07930219780410432,0.08467037914992502,0.0846648398990303,0.08185582716831077,0.07788768483329103,0.05410553644800273,0.04557891045183482,0.03682823343888516,0.023398272254573648,0.021929626992024182,0.013056158805869703,0.012516926828685486,0.012414001554508074,0.012393345193289716,0.01223201693241546,0.01221455002588105,0.011853566588204788,,,,,,,,,,,,,,,,,,,,,,,,,,,,,,,,,,,,,,,,,,,,,,,,,,,,,,,,,,,,,
854,0.23150722772516114,,,,,,,,,,,,,,,,,,,,,,,,,0.06986161883133626,0.06986161883133626,0.06986161883133626,,0.05550159361467394,0.015382192081133655,0.01359821226972165,0.014696537315799407,0.014525309022979147,0.015316521398755454,0.015417431287926782,0.014259448696373325,0.013678633956249206,0.01407796553885594,0.01415459974321208,0.01335776681667646,0.013422791788988316,0.013100946093763575,0.012802814365426077,0.011852079944362564,,,0.012066135357731522,,0.06858627624091386,0.024705143724044247,0.024705143724044247,0.16370037279919863,,,,,,,,,,,,,,,,,,,,,,,,,,,,,,,,,,,,,,,,,,,,,,,,,,,,,,,,,,,,,,,,,,,,,,,,,,,,,,,,,,,,,,,
855,0.23158229884522194,,,,,,,,,,,,,,,,,,,,,,,,,0.07002747841768929,0.07002747841768929,0.07002747841768929,,0.05563336083554363,0.015288996748588437,0.013511956154291545,0.014607701050034413,0.014447337918144574,0.015211568933433298,0.015311403445448658,0.014173736130227118,0.013732045397781827,0.014003661489721162,0.014072238236286455,0.013289962705107024,0.013354417351840215,0.013027959270733873,0.012730895793548743,0.011773141395561586,,,0.012134725716856176,,0.06874910801603025,0.02476379660079413,0.02476379660079413,0.163753456110943,,,,,,,,,,,,,,,,,,,,,,,,,,,,,,,,,,,,,,,,,,,,,,,,,,,,,,,,,,,,,,,,,,,,,,,,,,,,,,,,,,,,,,,
856,0.23293274090715527,,,,,,,,,,,,,,,,,,,,,,,,,0.07001565861482774,0.07001565861482774,0.07001565861482774,,0.05562397058799424,0.015040097760642785,0.013604447331832728,0.014194768216316886,0.01446343594696285,0.015220493629721995,0.015319468942155938,0.01415947392210969,0.013742421509616406,0.013762974583046452,0.013828081110495587,0.013062243881483188,0.013157651284867107,0.012804924015138483,0.012546276506429569,0.011559890342520258,,,0.011964563058830667,,0.06873750398684031,0.024759616767383898,0.024759616767383898,0.16470836309658862,,,,,,,,,,,,,,,,,,,,,,,,,,,,,,,,,,,,,,,,,,,,,,,,,,,,,,,,,,,,,,,,,,,,,,,,,,,,,,,,,,,,,,,
857,0.19967818871350346,,,,,,,,,,,,,,,,,,,,,,,,,0.059772565579957186,0.059772565579957186,0.059772565579957186,,0.04748634084953648,0.013106729270033096,0.011871268476518128,0.01237292662120493,0.012364490800193825,0.013303259106977541,0.01339132415337892,0.012351597836700957,,0.011751546911747346,0.012116964563358784,,,,,,,,,,0.05868140136277841,0.021137354789513358,0.021137354789513358,0.14119383767609542,,,,,,0.03968820775338149,,,,,,,,,,,,,,,,,,,,,0.03525610418260445,0.03525610418260445,0.03525610418260445,0.024427065679293227,0.024427065679293227,0.024427065679293227,,,,,,,,,,,,,,,,,,,,,,,,,,,,,,,,,,,,,,,,,,,,,,,,,,,,,,,
858,0.19921530061910017,,,,,,,,,,,,,,,,,,,,,,,,,0.05964362096688808,0.05964362096688808,0.05964362096688808,,0.04738390074532645,0.01341955009011848,0.011916369669566664,0.012410219871526292,0.012428509171123956,0.013432909426160836,0.013524174976260926,0.011870217522173277,,0.012037582440834145,0.012417923071537164,,,,,,,,,,0.05855481066820709,0.02109175614391076,0.02109175614391076,0.14086652628127327,,,,,,0.039809758089732014,,,,,,,,,,,,,,,,,,,,,0.03536408062105774,0.03536408062105775,0.03536408062105775,0.024501876768466727,0.024501876768466723,0.024501876768466723,,,,,,,,,,,,,,,,,,,,,,,,,,,,,,,,,,,,,,,,,,,,,,,,,,,,,,,
859,0.20538062449658903,,,,,,,,,,,,,,,,,,,,,,,,,0.0520182608792451,0.0520182608792451,0.0520182608792451,,0.03561941881337423,0.013896415554525837,0.012304294410727366,0.012849975777738224,0.01287002303847451,0.01391144833073267,0.014006004806388323,,,0.01246509165347295,0.012858300211298822,,,,,,,,,,0.04458634923528919,0.015586195033758262,0.02369941757867897,0.14522606972659025,,,,,,0.04082936059560173,,,,,,,,,,,,,,,,,,,,,0.03626982099601143,0.03626982099601142,0.03626982099601143,0.02512941574761172,0.02512941574761172,0.02512941574761172,0.043658517868154854,,,,,,,,,,,,,,,,,,,,,,,,,,,,,,,,,,,,,,,,,,,,,,,,,,,,,,
860,0.20511381226387387,,,,,,,,,,,,,,,,,,,,,,,,,0.05193811466953913,0.05193811466953913,0.05193811466953913,,0.03556453882773903,0.01387461570978649,0.012284992188026218,0.012829817523563977,0.012849833335386708,0.013889624903495658,0.013984033044749518,,,0.012445537181915791,0.012838128898263572,,,,,,,,,,0.04451765361118653,0.01556218088113995,0.02366290312281165,0.14503740493892014,,,,,,0.041031170715305695,,,,,,,,,,,,,,,,,,,,,0.036449094362286855,0.03644909436228684,0.03644909436228684,0.025253624658212744,0.02525362465821275,0.025253624658212744,0.043591251783718955,,,,,,,,,,,,,,,,,,,,,,,,,,,,,,,,,,,,,,,,,,,,,,,,,,,,,,
861,0.23967108695933428,,,,,,,,,,,,,,,,,,,,,,,,,0.06107026129739015,0.06107026129739016,0.06107026129739016,0.013525589803834094,0.041817761252027214,0.015872107937356023,0.014032139180685932,0.014670666065760986,0.014993749659445181,0.015823897843305193,0.015929252314409066,0.014015962544248363,0.013578115889676085,0.014535988038142798,0.014704563205534947,0.013791807834142985,0.013883423379576688,0.013517301556611823,0.013229907177280764,,,,,,0.05234507944078959,0.018298439572082735,0.027823491206015315,0.16947309451180492,,,,,,,,,,,,,,,,,,,,,,,,,,,,,,,,,0.05125579073576453,,,,,,,,,,,,,,,,,,,,,,,,,,,,,,,,,,,,,,,,,,,,,,,,,,,,,,
862,0.23859364529988705,,,,,,,,,,,,,,,,,,,,,,,,,0.060274580658305765,0.060274580658305765,0.060274580658305765,,0.04127292023954062,0.015521350072912886,0.01372558256414887,0.01431694704187975,0.014358873386740143,0.015323356125754634,0.015419167510213773,,,0.013920932995611859,,,,,,,,,,,0.05166307865386729,0.018060030340098922,0.02746098066825039,0.16871122801176505,0.01707073302143821,0.016063878963598732,0.015648522481085784,0.015066736346561062,0.014474348102282975,0.014068143805227218,0.014235393390089859,0.01361242678044417,,,,,,,,,,,,,,,,,,,,,,,,,0.05058798222368355,,,,,,,,,,,,,,,,,,,,,,,,,,,,,,,,,,,,,,,,,,,,,,,,,,,,,,
863,0.24317091469874577,,,,,,,,,,,,,,,,,,,,,,,,,0.05911503259846722,0.05911503259846722,0.05911503259846722,,0.0404789216075313,0.015256845413850986,,0.014069787550654751,0.014137707508116696,0.01506536878826767,0.01516016203968181,,,0.013679913113412453,,,,,,,,,,,0.05066919662326501,0.017712595767966376,0.026932692847624198,0.17194784707700259,0.017205463271311863,0.016190662647930735,0.015772027976800725,0.015185650112607507,0.014588586461826748,0.014179176209503963,0.014347745806713563,0.013719862451730978,,,,,,,,,,,,,,,,,,,0.013568991587319426,,,,,,0.0496147826427332,,,,,,,,,,,,,,,,,,,,,,,,,,,,,,,,,,,,,,,,,,,,,,,,,,,,,,
864,0.24050453666291494,,,,,,,,,,,,,,,,,,,,,,,,,0.058446471829399826,0.058446471829399826,0.058446471829399826,,0.04002112571752866,0.016084757984277838,0.01415418353935816,0.014779909684711929,0.014996053485048967,0.015743037705909905,0.015801051850502793,,,0.014491188692793292,0.0144408900809232,,,,,,,,,,0.05009615393727729,0.01751227537350349,0.026628097873185663,0.17006243260084078,0.017611996652853637,0.017225289311611245,0.01605501334760715,0.015397126744504209,0.01548543795932145,0.014035957428206638,0.014480403039605896,,,,,,,,,,,,,,,,,,,,,,,,,,0.049053664839313484,,,,,,,,,,,,,,,,,,,,,,,,,,,,,,,,,,,,,,,,,,,,,,,,,,,,,,
865,0.24233033710596655,,,,,,,,,,,,,,,,,,,,,,,,,0.05742991030995243,0.05742991030995243,0.05742991030995243,,0.041264757719131503,0.016089400787278087,0.014153275582157046,0.014778808698765356,0.014997046038516211,0.015744920673486113,0.015802842557764898,,,0.014496859194307318,0.014541397220175079,,,,,,,,,,0.048853341355764815,0.016961863379797,0.02581910478345497,0.17135346880788013,0.017954511138609516,0.017558256755456577,0.01634818549660629,0.01568453220940823,0.015765972118757268,0.014605066467275513,0.014756304165760525,,,,,,,,,,,,,,,,,,,,,,,,,,0.047850016813823795,,,,,,,,,,,,,,,,,,,,,,,,,,,,,,,,,,,,,,,,,,,,,,,,,,,,,,
866,0.24262260697846688,,,,,,,,,,,,,,,,,,,,,,,,,0.0573477065659093,0.0573477065659093,0.0573477065659093,,0.04120569237211566,0.01618961283516192,0.014246253711711525,0.014876118360264059,0.015093933962397834,0.015838197947872213,0.015896565557394833,,,0.014585730184319487,0.014535131062598792,,,,,,,,,,0.04878341389903038,0.016937584590778484,0.02578214795957021,0.17156013486991376,0.01789656301319535,0.017300510080626264,0.016299758606991847,0.015544014563463536,0.015717994246537324,0.014552802482244307,0.0147105875267539,,,,,,,,,,,,,,,,,,,,,,,,,,0.04778152549086343,,,,,,,,,,,,,,,,,,,,,,,,,,,,,,,,,,,,,,,,,,,,,,,,,,,,,,
867,0.1551038261092693,,,,,,,,,,,,,,,,,,,,,,,,,0.05893994469256001,0.05893994469256001,0.05893994469256001,,0.042349753370518786,0.016236264102924988,,0.014443478623930936,0.015117184260259455,0.015760215070233775,0.01581696151121276,,,0.014563444156105372,0.014088498243511013,,,,,,,,,,0.05013786756787844,0.01740785044051764,0.02649797988078223,0.13255746505869953,0.017801700527473752,0.01720870799015597,0.016213861422987773,0.015462680312801234,0.01563513122252712,0.014477521768730704,0.01463414712910284,,,,,,,,,,,,,,,,,,,,,,,,,,0.04910816209399677,0.13255746505869953,,,,,,,,,,,,,,,,,,,,,,,,,,,,,,,,,,,,,,,,,,,,,,,,,,,,,
868,0.15335252995033716,,,,,,,,,,,,,,,,,,,,,,,,,0.05867450002003783,0.05867450002003783,0.05867450002003783,,0.042159025054205136,0.0169471325664853,,0.015128252871837751,0.01580251601432239,0.016678117920608866,0.016744559519320506,,,0.015226924297995695,0.015604348285780193,,0.014654071217524968,,,,,,,,0.04991206433872823,0.01732945163672505,0.02637864234782996,0.13106074260369352,0.017819709200864862,0.017222634710013247,0.01621795425451728,0.015466414038016631,0.01569293990047578,,0.014630730312664549,,,,,,,,,,,,,,,,,,,,,,,,,,0.048886996294245824,0.13106074260369352,,,,,,,,,,,,,,,,,,,,,,,,,,,,,,,,,,,,,,,,,,,,,,,,,,,,,
869,0.15196760584438576,,,,,,,,,,,,,,,,,,,,,,,,,0.05941745095327606,0.05941745095327606,0.05941745095327606,,0.040686002079940664,0.0167279699893809,,0.01493261228936919,0.015598155771027807,0.01646243427675986,0.016528016643861457,,,0.015030007683492896,0.015402550773963387,,,,,,,,,,0.050928408103133004,0.017803209167571967,0.0270704740566252,0.12987713525248432,0.01807122106138449,0.01747192908016789,0.016452093765778355,0.015686869712570578,0.01591999082893731,0.014546746766176432,0.014838478747575481,,,,,,,,,,,,,,,,,,,,,,,,,,0.04986859999310043,0.12987713525248434,,,,,,,,,,,,,,,,,,,,,,,,,,,,,,,,,,,,,,,,,,,,,,,,,,,,,
870,0.15187067875962168,,,,,,,,,,,,,,,,,,,,,,,,,0.05931888268530994,0.05931888268530994,0.05931888268530994,,0.040618507620128856,0.01676498573097587,,0.015000499187419011,0.01565696107601506,0.01648081529191281,0.016546843398431082,,,0.0150576035553375,0.015430631599743075,,0.014517153869042064,,,,,,,,0.050843922402443065,0.017773675226554098,0.027025566547165033,0.12979429778177745,0.018036005483289402,0.017603780005486028,0.016596259853092408,0.015816120362550787,0.016075409106650066,,0.014953464884826316,,,,,,,,,,,,,,,,,,,,,,,,,,0.04978587241983106,0.12979429778177742,,,,,,,,,,,,,,,,,,,,,,,,,,,,,,,,,,,,,,,,,,,,,,,,,,,,,
871,0.1614920657393908,,,,,,,,,,,,,,,,,,,,,,,,,0.05440964953648483,0.05440964953648483,0.05440964953648483,,0.03725691827391004,0.015376602106299651,,,0.014360217527597781,0.015117052936804605,0.015177622566963029,,,,,,,,,,,,,,0.046636077312060424,0.0163027251403641,0.0247889295581818,0.13801709086418967,0.01963783771041444,0.01916455051881227,0.018057996000578044,0.017205248034920916,0.01748701208590168,0.014905746923945046,0.01633497408110108,0.015485002234738443,,,,,,,,,,,,,,,,,,,0.015260618118843276,,0.015024081202204042,,,,0.045665591589134656,0.13801709086418967,,,,,,,,,,,,,,,,,,,,,,,,,,,,,,,,,,,,,,,,,,,,,,,,,,,,,
872,0.15797242330543962,,,,,,,,,,,,,,,,,,,,,,,,,0.059546918934295506,0.059546918934295506,0.059546918934295506,,0.04077465506758204,0.01638510667292831,0.013472845220288224,0.014653258889812571,0.015624667730788215,0.016042953880471715,0.016088423764062682,0.013591017283218612,0.013971885602812819,0.015045522041137032,0.015102940802666796,0.014297360673864364,0.014522588908531725,0.013994113937442999,0.013813229553878694,,,,,,0.05103937883762028,0.01784200156794614,0.027129459414716492,0.13500907429450867,,,,,,,,,,,,,,,,,,,,,,,,,,,,,,,,,0.04997726145288687,0.13500907429450867,,,,,,,,,,,,,,,,,,,,,,,,,,,,,,,,,,,,,,,,,,,,,,,,,,,,,
873,0.1610980855982908,,,,,,,,,,,,,,,,,,,,,,,,,0.05451341107374649,0.05451341107374649,0.05451341107374649,,0.037327968816353634,0.01541762292760107,,,0.01439864659321617,0.015152864222552374,0.015253528675435255,,,,,,,,,,,,,,0.04672501431340076,0.016333815137019644,0.02483620311094202,0.13768038086742343,0.0195391921472663,0.0195391921472663,0.01840527584381448,0.01738334399630424,0.0178253182549573,0.014630831256393842,0.01661711769391159,0.015197208252922907,,,,,,,,,,,,,,,,,,,0.01495215219650079,,0.014712946027222066,,,,0.045752677832542166,0.13768038086742343,,,,,,,,,,,,,,,,,,,,,,,,,,,,,,,,,,,,,,,,,,,,,,,,,,,,,
874,0.16553655542328266,,,,,,,,,,,,,,,,,,,,,,,,,0.05298376113807303,0.05298376113807303,0.05298376113807303,,0.03628054353193119,0.01500065348538653,,,,0.014749897829003092,0.014848732652377397,,,,,,,,,,,,,,0.045413907308151265,0.01587548719933392,0.024139297601953942,0.1414736613009181,0.019397977687154545,0.019397977687154545,0.018272256470653964,0.017257710371389075,0.01769649037534376,0.014525090705746417,0.016497021771517604,0.015087374358948807,,,,,,,,,,,,,,,,,,,0.014844089381824334,,0.014606612013296202,,,,0.04446885465353106,0.14147366130091807,0.01420486347596435,,,,,,,,,,,,,,,,,,,,,,,,,,,,,,,,,,,,,,,,,,,,,,,,,,,,
875,0.16732232213028056,,,,,,,,,,,,,,,,,,,,,,,,,0.05280386331209273,0.05280386331209273,0.05280386331209273,,0.03615735879067113,0.015152937423082585,,,0.014151033269319517,0.01442834833703502,0.014771997418462215,,,,,,,,,,,,,,0.045259711701449844,0.01582158453987387,0.02405733650545937,0.1429998435609166,0.019123502331630467,0.018662611023452735,0.017585038318067448,0.01675462470787202,0.017029009065526773,0.014515349920810654,0.015907144133358215,0.015079433933007796,,,,,,,,,,,,,,,,,,,0.014860926670305115,,0.014630584901339986,,,,0.044317867820883275,0.14299984356091663,,,,,,,,,,,,,,,,,,,,,,,,,,,,,,,,,,,,,,,,,,,,,,,,,,,,,
876,0.16561494691304107,,,,,,,,,,,,,,,,,,,,,,,,,0.053247200159111406,0.053247200159111406,0.053247200159111406,,0.03646093296947764,0.015234939538179842,,,0.014227972718355391,0.014503906399784014,0.014849171279095791,,,,,,,,,,,,,,0.04563970847865725,0.01595442124849289,0.024259319902980116,0.14154065756674356,0.019260902255528477,0.018790291571634015,0.01769385504995257,0.016864694283145035,0.017126315758925703,0.0147266947205826,0.01606393449682018,0.01529031627846051,,,,,,,,,,,,,,,,,,,0.015080169339001009,,0.01484463423190381,,,,0.0446899569551607,0.14154065756674356,,,,,,,,,,,,,,,,,,,,,,,,,,,,,,,,,,,,,,,,,,,,,,,,,,,,,
877,0.19425167331239868,,,,,,,,,,,,,,,,,,,,,,,,,0.009732596954308066,0.009732596954308066,0.009732596954308066,,,,,,,,,,,,,,,,,,,,,,,,,0.16601466284630464,,,,,,,,,,0.0159505376957594,0.012096255575275676,0.021105430287911762,0.019382249855683414,0.046065453566651114,,0.010725120669242527,,,0.03146573488066064,0.009557487490106582,,,0.008836072258973655,,,,,,,,,,,0.16601466284630464,,0.03861677871308084,0.03542516430377247,0.031973184630167364,0.03165146361603624,0.02957529750266917,0.028032605599165004,0.02611148514814954,0.025899874927460754,0.011396548400733729,0.01065446501056798,,,,,,,,,,,,,,,,,,,,,,,,,,,,,,,,,,,,,,,,,,
878,0.19391137031595906,,,,,,,,,,,,,,,,,,,,,,,,,0.00890078278156395,0.00890078278156395,0.00890078278156395,,,,,,,,,,,,,,,,,,,,,,,,,0.16572382732218194,,,,,,,,,,0.016136765030462137,0.012191387315206168,0.021285354352663207,0.019650424466509078,0.045755470351658334,,0.00975083418245775,,,0.03206485523582858,0.009460697574348751,,,0.00873361630835012,,,,,,,,,,,0.16572382732218194,,0.03937232440135039,0.03612542064931488,0.032592588058318626,0.032239628242338295,0.03010130047265619,0.02843686724962786,0.02660510400239617,0.026378705013113853,0.010437438643141969,0.010619845145242926,,,,,,,,,,,,,,,,,,,,,,,,,,,,,,,,,,,,,,,,,,
879,0.21299664253096945,,,,,,,,,,,,,,,,,,,,,,,,,0.01748656064980774,0.01748656064980774,0.01748656064980774,,0.010613406489589297,,,,,,,,,,,,,,,,,,,,0.013396750069067077,,0.009188139298077462,0.1820348066721995,,,,,,,,,,0.012591992212118222,0.009587608576747472,0.016535725334862705,0.015369746625133981,0.03476710732029518,,,,,0.025156627701132646,,,,,,,,,,,,,,0.013724387148577474,0.1820348066721995,,0.030790535005582407,0.028238615632628437,0.025457598911346732,0.025186083495504826,0.02255380105986514,0.022185115317654252,0.02072793968846812,0.020678495139979363,,,0.013724387148577474,,,,,,,,,,,,,,,,,,,,,,,,,,,,,,,,,,,,,,,,,
880,0.21434298768669105,,,,,,,,,,,,,,,,,,,,,,,,,0.01816403874928766,0.01816403874928766,0.01816403874928766,,0.011024599439510745,,,,,,,,,,,,,,,,,,,,0.013915777507209908,,0.00954411342438381,0.18318544302601053,,,,,,,,,,0.012265649510619349,0.009339129540933074,0.016107174142476394,0.014971413736222863,0.03386605913545854,,,,,0.024504651293722847,,,,,,,,,,,,,,0.014256108160396175,0.18318544302601059,,0.029992546394642265,0.027506764313401006,0.02479782232774876,0.02453334369153726,0.021969281291828652,0.0216101506620329,0.020190740195290977,0.02014257708561321,,,0.014256108160396175,,,,,,,,,,,,,,,,,,,,,,,,,,,,,,,,,,,,,,,,,
881,0.2011286525802249,,,,,,,,,,,,,,,,,,,,,,,,,0.027573811806326155,0.027573811806326155,0.027573811806326155,,0.016735828104150002,,,,,,,,,,,,,,,,,,,,0.02112476390403872,,0.014488385047764275,0.17189198361827612,,,,,,,,,,,,0.013651280708728,,0.02416548355431571,,,,,0.01694713817046638,,,,,,,,,,,,,,0.021641400843235414,0.17189198361827612,,0.021092178388394812,0.018872087198699795,,0.019932880502068814,0.015273496426269304,,,,,,0.021641400843235414,0.028372201913788767,0.021376826046476536,0.020575343371062243,0.020559628879072003,0.020559628879072003,0.017677995991703093,0.017677995991703093,,,,,,,,,,,,,,,,,,,,,,,,,,,,,,,,,,
882,0.18021180809129553,,,,,,,,,,,,,,,,,,,0.022221410809637587,,,,,,,,,,,,,,,,,,,,,,,,,,,,,,,,,0.15401567487701934,,,,,,,,,,0.023509249818592655,0.02074128492715881,0.021815520071124615,0.024004411741917992,0.03316230688577478,,,,,0.019862935738102105,,,,,,,,,,,,,,,0.15401567487701934,,0.021994387378791832,0.018708660224853443,,0.030568341982455918,,,,,,,,0.03908680844908465,0.02792308897964768,0.026636712690765195,0.02654887107563781,0.02654887107563781,0.0228751315599983,0.0228751315599983,0.017785115100354125,0.016419346435186558,0.016323116520993563,0.016323116520993563,0.015823022607958457,,,,,,,,,,,,,,,,,,,,,,,,,,,,,
883,0.17206352916368356,,,,,,,,,,,,,,,,,,,,,,,,,0.04715028120712251,0.04715028120712251,0.04715028120712251,0.016686589149650665,0.028617697360351777,0.01554020775624839,,,,0.014453022885175597,0.014539975268329581,,,,,,,,,,,,,,0.03612262843837135,,0.02477464610396835,0.14705185440701668,0.0194505775671778,0.01896942830439112,0.017852364580493916,0.01690026423895443,0.01727291794663771,0.014947143497273135,0.016260518901404054,0.015603825213299461,,,,,,,,,,,,,,,,,,,0.015310134174176239,,0.015067856917746198,,,,0.03700606004863289,0.14705185440701668,,,,,,,,,,,,0.03700606004863289,,,,,,,,,,,,,,,,,,,,,,,,,,,,,,,,,,,,,,,,,
884,0.17598512901489965,,,,,,,,,,,,,,,,,,,,,,,,,0.04520078329860926,0.04520078329860926,0.04520078329860926,0.015869826625468875,0.028520057045723742,0.01537586734925348,,,,,0.014230040409735441,,,,,,,,,,,,,,0.034477584119032366,,0.02357014942089356,0.15040339864864977,0.019809918108967522,0.019319879833184977,0.018182178866903972,0.017212488906167556,0.017592027220992006,0.015223285150340663,0.016560924565535717,0.015892098761309714,,,,,,,,,,,,,,,,,,,0.015592981914302235,,0.015346228696153931,,,,0.03531661192669043,0.15040339864864977,0.014196962944626334,,,,,,,,,,,0.03531661192669043,,,,,,,,,,,,,,,,,,,,,,,,,,,,,,,,,,,,,,,,,
885,0.07108752819922151,,,,,,,,,,,,,,,,,,,,,,,,,,,,,,,,,,,,,,,,,,,,,,,,,,,,0.02474718607857075,,,,,,,,,,0.0664148666840467,0.06817922146602165,0.07770538448838554,0.07770538448838554,,,,,,,,,,,,,,,,,,,,,0.05997872318848737,,,,,,,,,,,,,,,,,,,,,,,,,0.038877432900399224,0.03887743290039922,0.03887743290039922,0.03732025734372042,0.03526481718454148,0.03526481718454148,0.03526481718454148,0.031796920964580574,0.031796920964580574,0.029066135518392985,0.026945174336050596,0.02687658235078327,0.025984917712553846,0.025080917994084337,0.024865635860992042,0.024599499033166015,0.023710996536577062,0.023710996536577062,,,,,,,,,,,
886,0.07083190701244517,,,,,,,,,,,,,,,,,,,,,,,,,,,,,,,,,,,,,,,,,,,,,,,,,,,,0.024658198527096865,,,,,,,,,,0.06617604775938539,0.06793405815895336,0.0774259663808074,0.07742596638080743,,,,,,,,,,,,,,,,,,,,,0.05976304776987099,,,,,,,,,,,,,,,,,,,,,,,,,0.03894423560191279,0.03894423560191279,0.03894423560191279,0.037384384366153434,0.03532541236484428,0.03532541236484428,0.03532541236484428,0.031851557293725276,0.031851557293725276,0.02909943991453626,0.02708417002606749,0.026980218219806406,0.026122139532860425,0.025183565575111106,0.025002156806574295,0.024734088532079004,0.02384129327486163,0.02384129327486163,,,,,,,,,,,
887,0.07224011836908246,,,,,,,,,,,,,,,,,,,,,,,,,,,,,,,,,,,,,,,,,,,,,,,,,,,,0.025148428942522137,,,,,,,,,,0.06749169583272846,0.06928465729198374,0.07896527443779526,0.07896527443779526,,,,,,,,,,,,,,,,,,,,,0.06095119879003205,,,,,,,,,,,,,,,,,,,,,,,,,0.033572552617654974,0.036640453101919504,0.036640453101919504,0.035433701592886294,0.03382678307381284,0.03382678307381284,0.03382678307381284,0.030730010463267125,0.030730010463267125,0.029551945698364942,0.027505337705685706,0.027399769414924904,0.026528347324464494,0.02557517823547966,0.025390948501410823,0.02511871167779478,,0.024212033163069628,0.03044354961451255,,,,,,,,,,
888,0.08260062605940081,,,,,,,,,,,,,,,,,,,,,,,,,,,,,,,,,,,,,,,,,,,,,,,,,,,,0.028755157410590874,0.02056176729913132,0.020034910587599437,0.019156503389406762,0.018325901336912778,0.01818563634367301,,,,,0.07717119594283454,0.07922129971312747,0.09029028817740478,0.09029028817740478,,,,,,,,,,,,,,,,,,,,,0.06969267621358671,,,,,,,,,,,,,,,,,,,,,,,,,,,,,,,,,,0.03442893121955287,0.032084132767468694,0.03185865309591084,0.031023583052662212,0.02960831978421231,0.031119444818483232,0.03076701586435381,0.029722267025450028,0.029722267025450028,,0.029722267025450028,0.02844504454266146,0.0282620393609423,0.018949783766328845,,,,,,
889,0.08295067620776733,,,,,,,,,,,,,,,,,,,,,,,,,,,,,,,,,,,,,,,,,,,,,,,,,,,,0.028877017832213362,0.019543236923803137,0.01904247814229517,0.01820758298274442,0.017418124933485546,0.017284807988734587,,,,,0.07749823690944882,0.07955702873893929,0.09067292606140613,0.09067292606140613,,,,,,,,,,,,,,,,,,,,,0.06998802423711235,,,,,,,,,,,,,,,,,,,,,,,,,,,,,,,,,,0.034409878118260816,0.03232090492688229,0.0320908907057498,0.03125305828862763,0.029824750550267884,0.03135434464472512,0.03099856701133413,0.029942106145856875,0.029942106145856868,,0.029942106145856875,0.0286552357110146,0.028470601382349848,0.019082383203861006,,,,,,
890,0.07750018078191101,,,,,,,,,,,,,,,,,,,,,,,,,,,,,,,,,,,,,,,,,,,,,,,,,,,,0.026979576354911543,,,,,,,,,,0.07240600855040707,0.07432952197154169,0.08471501961217061,0.08471501961217061,,,,,,,,,,,,,,,,,,,,,0.06538927443290782,,,,,,,,,,,,,,,,,,,,,,,,,0.02757341330403768,0.029595394379922913,0.029595394379922913,0.02879523579280185,0.0266638126000618,0.0266638126000618,,,,0.032155894591881486,0.03020375743183771,0.029988810054693546,0.02920585898471157,0.027871111069545578,0.029300510682665076,0.028968037895689445,0.027980779408054587,0.027980779408054587,,0.027980779408054587,0.026778204091920665,,,0.0266638126000618,,,,,
891,0.07726132541584721,,,,,,,,,,,,,,,,,,,,,,,,,,,,,,,,,,,,,,,,,,,,,,,,,,,,0.02689642536711408,,,,,,,,,,0.07218285341059917,0.074100438568113,0.08445392813062289,0.08445392813062289,,,,,,,,,,,,,,,,,,,,,0.06518774485034763,,,,,,,,,,,,,,,,,,,,,,,,,0.02998485919306953,0.032296775511424076,0.032296775511424076,0.031241531523299365,0.028433907771727183,0.028433907771727187,0.028433907771727187,0.02607839172692722,,0.03145362787380922,0.029495345749920663,0.02937994528504326,0.028447951497408346,0.027423964004792765,0.027231856529111316,0.026939338035961435,0.025963756789786803,0.025963756789786803,,0.025963756789786803,,,,,,,,,
892,0.08581636187528313,,,,,,,,,,,,,,,,,,,,,,,,,,,,,,0.017154869963273305,,,0.01658320220614856,,,,,,0.01639002795549157,,,,,,,,,,,,,0.02987462821835537,,,,,,,,,,0.080175557902142,0.08230547453142785,0.09380539123860451,0.0938053912386045,,,,,,,,,,,,,,,,,,,,,0.07240589093962947,,,,,,,,,,,,,,,,,,,,,,,,,,,,,,,,,,0.03430978060477363,0.03217367629583913,0.03204779686954472,0.03103117320670194,0.029914202332797526,0.02970465050082409,0.029385569809621266,0.028321400720679558,0.028321400720679558,,0.028321400720679558,0.027121827824319263,0.02695517227538012,0.018125466872227464,0.017645110361477402,0.01830457481549452,,,,
893,0.08560649232382296,,,,,,,,,,,,,,,,,,,,,,,,,,,,,,,,,,,,,,,,,,,,,,,,,,,,0.029801567852159268,,,,,,,,,,0.07997948330742258,0.08210419108564708,0.09357598399092369,0.09357598399092369,,,,,,,,,,,,,,,,,,,,,0.07222881757596654,,,,,,,,,,,,,,,,,,,,,,,,,,,,,,,,,,0.03462162169080198,0.03247486416291477,0.0323422361033485,0.03132652049030932,0.030191887095292826,0.029987719822427792,0.029666984000840536,0.0289573188620796,0.0289573188620796,,0.02860262551803239,0.02739142263319093,0.027223665945019546,0.018323447476292887,0.01776591507453083,0.018428570631362717,0.01572471759103333,0.015586214876062073,0.015554429037514625,
894,0.08414437581869527,,,,,,,,,,,,,,,,,,,,,,,,,,,,,,,,,,,,,,,,,,,,,,,,,,,,0.029292571827996758,,,,,,,,,,0.07861347333036359,0.08070189215167856,0.09197775251381622,0.09197775251381622,,,,,,,,,,,,,,,,,,,,,0.0709951851322472,,,,,,,,,,,,,,,,,,,,,,,,,,,,,,,,,,0.034953392398247726,0.03283142325273876,0.03259777588843279,0.03174670965858461,0.0302958413738217,0.03184959586286284,0.03148819861572071,0.030415050636018282,0.030415050636018282,,0.030415050636018282,0.02910785369913418,0.02892030301622196,0.019383795133651502,,0.01726882489891222,0.01534371058371982,0.015238240880988302,0.015215970429227182,0.014810209111067004
895,0.08411133503952159,,,,,,,,,,,,,,,,,,,,,,,,,,,,,,,,,,,,,,,,,,,,,,,,,,,,0.029281069580962642,,,,,,,,,,0.07858260435799184,0.0806702031246754,0.09194163582057165,0.09194163582057165,,,,,,,,,,,,,,,,,,,,,0.07096730761563927,,,,,,,,,,,,,,,,,,,,,,,,,,,,,,,,,,0.03494719743049386,0.03282560437238383,0.032591998418590215,0.03174108302754447,0.030290471887557006,0.031843950996776706,0.03148261780190931,0.030409660021688906,0.030409660021688906,,0.030409660021688906,0.02910269476597554,0.028915177323626053,0.019380359644917463,,0.017265764257124522,0.015505719385462285,0.015278585255145206,0.0152464890942892,0.01485751491320354
896,0.07532782967457345,,,,,,,,,,,,,,,,,,,,,,,,,,,,,,,,,,,,,,,,,,,,,,,,,,,,0.029824816746263343,0.021327490740593022,0.021327490740593022,0.020389968108005602,0.01942474732203002,0.019437650208070346,,0.018496827261915965,,,0.08348658593893707,0.07103850038428824,0.0959346714935859,0.0959346714935859,,,,,,,,,,,,,,,,,,,,,0.07532782967457345,,,,,,,,,,,,,,,,,,,,,,,,,,,,,,,,,,0.03384089738342915,0.031733985434569414,0.0316098262976462,0.03060709598444093,0.029505389822005738,0.029298701760545633,0.028983981679633012,0.027934355704103374,0.027934355704103374,,0.027934355704103374,0.026751176372317623,0.02658679836608683,,,,,,,
897,0.07618741689635151,,,,,,,,,,,,,,,,,,,,,,,,,,,,,,,,,,,,,,,,,,,,,,,,,,,,0.030165156186251398,0.02151283433141937,0.02151283433141937,0.02054828368263451,0.019569644124313383,,,0.01862309790457488,,,0.08443927504166333,0.07184914085340056,0.09702940922992609,0.09702940922992609,,,,,,,,,,,,,,,,,,,,,0.07618741689635151,,,,,,,,,,,,,,,,,,,,,,,,,,,,,,,,,,0.0333143236133468,0.031162456216649363,0.0318718324313903,0.0299789844119138,0.02981999706347669,0.028522687857053183,0.028222602132528623,0.02720727030822144,0.02720727030822144,,0.02720727030822144,0.026063449093252554,0.025905974353612027,,,0.018861963193880317,,,,
898,0.07606206329717669,,,,,,,,,,,,,,,,,,,,,,,,,,,,,,,,,,,,,,,,,,,,,,,,,,,,0.030115524487846903,0.021825251345962707,0.021825251345962707,0.02084669315036058,0.019853841441078112,,,0.018893549141230287,,,0.0843003443957722,0.0717309251588608,0.09686976363268363,0.09686976363268363,,,,,,,,,,,,,,,,,,,,,0.07606206329717669,,,,,,,,,,,,,,,,,,,,,,,,,,,,,,,,,,0.03325951048882927,0.031111183628536813,0.03181939268385289,0.029929659027897265,0.02977093326644082,0.02847575856443933,0.02817616658057645,0.02716250531426583,0.02716250531426583,,0.02716250531426583,0.026020566065006634,0.025863350423603028,,,0.018830929001225207,,,,
899,0.07590889171946635,,,,,,,,,,,,,,,,,,,,,,,,,,,,,,,,,,,,,,,,,,,,,,,,,,,,0.030054878717808365,0.02225653287643635,0.02225653287643635,0.021240067313835792,0.02022488470470554,,,0.019236054939283067,,,0.08413058280644779,0.07158647550155561,0.09667469011133997,0.09667469011133997,,,,,,,,,,,,,,,,,,,,,0.07590889171946635,,,,,,,,,,,,,,,,,,,,,,,,,,,,,,,,,,0.033108665950912906,0.031042312009985577,0.03172413358986619,0.02986537767666919,0.029703768100124282,0.02841664732806626,0.0281174272232349,0.027104672797886812,0.027104672797886812,,0.027104672797886812,0.02596506287324011,0.025808079072516733,,,0.018781334383601873,,,,
900,0.07521622755606183,,,,,,,,,,,,,,,,,,,,,,,,,,,,,,,,,,,,,,,,,,,,,,,,,,,,0.029780629720731297,0.02250632008905659,0.02250632008905659,0.02147855604072873,0.020431928441245407,,,0.019446045238635,,,0.08336289619640312,0.07093325313140673,0.09579253926139954,0.09579253926139954,,,,,,,,,,,,,,,,,,,,,0.07521622755606183,,,,,,,,,,,,,,,,,,,,,,,,,,,,,,,,,,0.03344441366603762,0.03135710528329333,0.03204584106617768,0.030168235917201892,0.030004987493409324,0.028704814312083334,0.02840255988183802,0.027379535336129385,0.027379535336129385,,0.027379535336129385,0.026228368877344435,0.0260697931383508,,,0.018971791773689295,,,,
