threshold,SHM1,SHM2,MIS1,GCV1,ADE3,MET12,DFR1,CDC21,MTD1,MET13,MET7,YND1,GUA1,GCV3,ADE12,ADE8,RMA1,ADE13,HPT1,GCV2,AMD1,HAM1,APT2,APT1,FAU1,ADE17,FMT1,FOL3,"ADE5,7",IMD3,IMD4,IMD2,URA8,URA7,IMD1,ADE16,ADE4,PDE1,ADO1,PDA1,PDB1,PDX1,KGD2,AIM22,IRC15,MAE1,PYC1,PYC2,PTC6,PTC5,PKP1,PGI1,NQM1,TAL1,TKL2,TKL1,ZWF1,TPI1,PGK1,GPM1,FBA1,ENO2,ENO1,CDC19,PKP2,PYK2,LSC1,YMR31,KGD1,HSP104,HSP78,SIS1,BTN2,CUR1,HSP26,YJL144W,MDH1,HSP82,HSC82,AHA1,STI1,SBA1,CPR6,FES1,MBF1,CIT3,IDH1,IDH2,ACO1,CIT1,FUM1,ICL2,CYT1,NCE103,SIP5,TDH3,TDH1,MDH3,IDP3,ATP18,ATP15,ATP6,ATP2,ATP16,ATP4,MDH2,CIT2,IDP1,TOM40,TOM22,TOM70,ADE1,SGS1,MCM4,MCM5,MCM3,MCM7,RAD51,RAD52
800,0.05890162675443757,0.05622419627289326,0.04941525696233028,0.04876433222573794,0.04777672255550559,0.04709075782516846,0.047004352624485934,0.045738298635586476,0.045555208451531444,0.04456780006782842,0.037903498074972966,0.03638764340634289,0.03602489675360012,0.035964888970130476,0.035883458783892555,0.03582261543582312,0.03465930622390263,0.03378237139186355,0.03290147133209586,0.03272126475780713,0.032351858034836714,0.03217441714256758,0.03136543493098733,0.0311004870531497,0.029917835332521903,,,,,,,,,,,,,,,,,,,,,,,,,,,,,,,,,,,,,,,,,,,,,,,,,,,,,,,,,,,,,,,,,,,,,,,,,,,,,,,,,,,,,,,,,,,,,,
801,0.05884058072395885,0.0580012436663751,0.04951079851751113,0.04923235022422693,0.04951079851751113,0.047029793314668736,0.04517060911496947,0.04566344945767163,0.04775753984593275,0.04465918326075176,0.035861302919746915,0.037017622835756325,0.03374060595144406,0.03605430947758798,0.03538723960776144,0.03786929597619198,0.03261528080461053,0.03364225693731958,0.032466577618022456,0.032891775205124804,0.033178278790026716,0.03126399799323451,0.03205799380191209,0.03178148741786096,,0.02879562801982229,,,,,,,,,,,,,,,,,,,,,,,,,,,,,,,,,,,,,,,,,,,,,,,,,,,,,,,,,,,,,,,,,,,,,,,,,,,,,,,,,,,,,,,,,,,,,
802,0.058387696276758785,0.05755950666762862,0.04907116020422261,0.04887376897000396,0.04907116020422261,0.04668447035804578,0.04483143947337189,0.04525902854321204,0.04741084623936756,0.04433715020872716,0.03554025324257144,0.037566414434054396,0.034240815301725534,0.0362194792069245,0.035911860539523194,0.03753196894222946,0.03232015125453142,0.034141008249279896,0.03294789931448353,0.03268784144020195,0.03367015155902499,0.031727491273287105,0.032533258184361494,0.03225265255328102,,0.029222527358958954,,,,,,,,,,,,,,,,,,,,,,,,,,,,,,,,,,,,,,,,,,,,,,,,,,,,,,,,,,,,,,,,,,,,,,,,,,,,,,,,,,,,,,,,,,,,,
803,0.06225824589781808,0.061375155184821964,0.05232411198421941,0.052113635586250075,0.05232411198421941,0.04977920727311763,0.04780333804328129,0.048259272206656094,0.05055373497531055,0.04727628209579132,0.0378962344251197,0.031644614744953545,0.028843248020869825,0.03862048661873993,0.030250877244157103,0.04001998195576534,0.03446267026397898,0.02875917410082574,0.0277541414630511,0.03485473481616105,0.02836254112992146,,0.027404862485597523,,0.030191106364103455,,0.028837142846926525,0.028031088288342876,,,,,,,,,,,,,,,,,,,,,,,,,,,,,,,,,,,,,,,,,,,,,,,,,,,,,,,,,,,,,,,,,,,,,,,,,,,,,,,,,,,,,,,,,,,
804,0.05953651001135345,0.05869202526371829,0.05003666537757104,0.049835390349755114,0.05003666537757104,0.04760301594486574,0.04571352554103474,0.04614952768807298,0.048343683717153474,0.045209510831950586,0.03623952952267176,0.035996160764232406,0.0328095696879176,0.036932119674456414,0.034410766233562415,0.03827043345027988,0.03295607005306368,0.03271393451060931,0.031570696816163826,0.03333099476864908,0.032262759348575074,0.030401301101649073,0.031173387437449056,0.03090451095402918,0.028871245573645,,,,,,,,,,,,,,,,,,,,,,,,,,,,,,,,,,,,,,,,,,,,,,,,,,,,,,,,,,,,,,,,,,,,,,,,,,,,,,,,,,,,,,,,,,,,,,
805,0.062272368564511904,0.06138907753113059,0.052335981190987875,0.05212545704853149,0.052335981190987875,0.04979049919344822,0.047814181757239206,0.04827021934476499,0.050565202589582164,0.04728700625232567,0.03790483081070716,0.031616435477888845,0.028817563347646773,0.038629247293767065,0.030223939088781376,0.04002906009245396,0.03447048777953052,0.02873356429473143,0.027729426630188004,0.034862641267674604,0.028337284522199253,,0.027380458682767967,,0.030197954917674942,,0.028843684267279065,0.028037446863199148,,,,,,,,,,,,,,,,,,,,,,,,,,,,,,,,,,,,,,,,,,,,,,,,,,,,,,,,,,,,,,,,,,,,,,,,,,,,,,,,,,,,,,,,,,,
806,0.05917795515023755,0.05663555233664505,0.050025789261328134,0.04778952020979951,0.0484553980735745,0.04598170043851091,0.04591535002208338,0.04477716093836597,0.04635579373145228,0.043556080753792435,0.03694482291820774,0.03777085046530499,0.03442715345756306,0.035450118189114636,0.03610729250592535,0.03695847062148381,0.03382098124658853,0.03432680325619037,0.033127201435150966,0.031921089137171836,0.0338533841687918,0.031900151946262306,0.03271030383237077,0.03242817114840465,0.02958290475567948,,,,,,,,,,,,,,,,,,,,,,,,,,,,,,,,,,,,,,,,,,,,,,,,,,,,,,,,,,,,,,,,,,,,,,,,,,,,,,,,,,,,,,,,,,,,,,
807,0.06305817220329561,0.06034906753716362,0.0533059113961957,0.05092301326147321,0.05163255182010855,0.04899665723647998,0.04892595631458726,0.047713137739515646,0.04939527931165151,0.04641199300821512,0.03936724409760642,0.031287399188610676,0.028556648564244107,0.03777453363708191,0.029995304743948088,0.03938178666199845,0.036038576427953,0.029118336849236155,0.028149375869335164,0.034014111008370165,0.028113266950821034,,0.027796160141118128,,0.031522615095797894,,0.02839920631216148,0.029773694623031127,,,,,,,,,,,,,,,,,,,,,,,,,,,,,,,,,,,,,,,,,,,,,,,,,,,,,,,,,,,,,,,,,,,,,,,,,,,,,,,,,,,,,,,,,,,
808,0.06244374718507334,0.059615198669866226,0.05232450306199802,0.051721102826105696,0.05059149190433719,0.0499408483363877,0.04983582498456534,0.04843223587543592,0.04832340458300293,0.04727212604306552,0.04012935366094691,0.03045744851241535,0.02861156295320321,0.038601682954694704,0.03009482958655782,0.03793309622318161,0.03669097912494341,0.02922342009613849,0.027521117657391927,0.03474305170595148,0.027419430681256848,,0.02715883572432102,,0.03171161182487463,,0.028588960766144436,0.0306141350581403,,,,,,,,,,,,,,,,,,,,,,,,,,,,,,,,,,,,,,,,,,,,,,,,,,,,,,,,,,,,,,,,,,,,,,,,,,,,,,,,,,,,,,,,,,,
809,0.06335786497714374,0.060627095696410824,0.053618837976551675,0.05114014340939122,0.05193393554264699,0.04920969032228992,0.04915113604422671,0.04799083097084103,0.04960469378945222,0.04660744981715428,0.03960213204960897,0.028611956293456753,,0.03750035445643861,0.024970040893196953,0.03961245400373566,0.0362570562874995,0.02956806298426314,0.025475503075158633,0.034123255790065164,0.02871341787436601,,0.03122941310743951,0.03090374248777818,0.031676762049432254,,0.028565505400186996,0.029948664701265088,,,,,,,,,,,,,,,,,,,,,,,,,,,,,,,,,,,,,,,,,,,,,,,,,,,,,,,,,,,,,,,,,,,,,,,,,,,,,,,,,,,,,,,,,,,
810,0.06367742940899272,0.060932886672761845,0.05388928069902284,0.05139808409093396,0.052195879953358344,0.0494578941835624,0.049399044569401473,0.04823288714869187,0.04985488996941483,0.04684252849643304,0.03980187730354085,0.027982610014559747,,0.03768949876346869,,0.039812251319545064,0.03643992964658778,0.028917686259844814,0.02491514596783819,0.0342953666851107,0.02808183985473302,,0.03054249345994238,0.030223986264918203,0.0318365333180947,,0.028709584110967145,0.03009971979163703,0.024770672046638232,,,,,,,,,,,,,,,,,,,,,,,,,,,,,,,,,,,,,,,,,,,,,,,,,,,,,,,,,,,,,,,,,,,,,,,,,,,,,,,,,,,,,,,,,,
811,0.05712962603918514,0.05466729830980465,0.048347970111699785,0.04611293751174836,0.04682869786355486,0.044372252862856336,0.044319454618945306,0.04327321047928235,0.04472842648662513,0.04202581920420875,0.03570914195364327,,0.0443365518425871,0.03381397443247321,,0.03571844923348081,0.03269289562919728,,,0.03076885313653077,,,,,0.028562855940129243,0.033513606370653606,,,,0.04353743662372674,0.039553381903510765,0.03907714443657954,0.03904377697361501,0.03390272635676575,0.03028289486518549,0.027680616814010923,,,,,,,,,,,,,,,,,,,,,,,,,,,,,,,,,,,,,,,,,,,,,,,,,,,,,,,,,,,,,,,,,,,,,,,,,,,,,,,,,,,
812,0.05633933779178445,0.053911072050914846,0.04767916068279245,0.04547504584160752,0.046180904903431824,0.0437584405140033,0.04370637264125937,0.042674601455557654,0.04410968709993878,0.041444465652521,0.03521516856072501,,0.04667002443237932,0.033346217360624666,,0.035224347090658505,0.03224064671772127,0.03278784615841947,,0.030343219980747113,,,,,,0.03661544782354781,,,,0.04536380250114926,0.03732880318421296,0.03736689957067754,0.03674834546412147,0.03214647901700421,0.0324557999295613,0.030867863574638964,,,,,,,,,,,,,,,,,,,,,,,,,,,,,,,,,,,,,,,,,,,,,,,,,,,,,,,,,,,,,,,,,,,,,,,,,,,,,,,,,,,
813,0.0559391180656084,0.05352810208108995,0.047340460559917495,0.04515200316649064,0.04585284799258704,0.04344759214824635,0.0433958941518728,0.04237145239526277,0.04379634357151301,0.04115005515099425,0.03496500933502194,,0.0471734543279796,0.03310933466898922,,0.03497412266311103,0.03201161770696519,0.03314152889523499,,,,,,,,0.037010418927577865,,,,0.04585314217120396,0.03773146925774674,0.03776997659021132,0.0371447501359744,0.03249324332176467,0.03280590088127255,0.031200835445251547,0.030641326388112206,,,,,,,,,,,,,,,,,,,,,,,,,,,,,,,,,,,,,,,,,,,,,,,,,,,,,,,,,,,,,,,,,,,,,,,,,,,,,,,,,,
814,0.06319137553731557,0.060226649948848084,0.05349444192732476,0.050622172395042304,0.05170521256681727,0.04901157703455295,0.05049564246972394,0.049250088287913794,0.04898397653746373,0.04631522451824547,0.04114339034981037,0.03001933310264339,,0.03704613950210901,0.025604338768772886,0.03928540371744057,0.0378434562549037,0.027945442909061653,0.026909119534933773,0.03372545338829754,0.029557681621889455,,0.028229342537568616,0.027980542075085917,0.03150296337980132,,0.028309620215497613,0.03160141141893637,,,,,,,,,,,,,,,,,,,,,,,,,,,,,,,,,,,,,,,,,,,,,,,,,,,,,,,,,,,,,,,,,,,,,,,,,,,,,,,,,,,,,,,,,,,
815,0.06319590338468839,0.06023096536493809,0.05349827496096711,0.050625799622149414,0.05170891739692882,0.049015088857779235,0.05049926063059084,0.04925361720117085,0.04898748638303346,0.046318543139906604,0.041146338394386375,0.030140080459810627,,0.03704879396664616,0.02565197647791641,0.039288218631825626,0.03784616784952439,0.027010086771060596,0.02698908653595616,0.03372786991593636,0.029680659808724204,,0.028484923392568157,0.02823139575843255,0.03150522065951335,,0.028311648682807087,0.0316036757527391,,,,,,,,,,,,,,,,,,,,,,,,,,,,,,,,,,,,,,,,,,,,,,,,,,,,,,,,,,,,,,,,,,,,,,,,,,,,,,,,,,,,,,,,,,,
816,0.06401626534470613,0.06137917889634646,0.05257590821903925,0.05167535793324514,0.05257590821903925,0.04988608854403263,0.05069451703027926,0.04870285633818573,0.05002606261708544,0.04718377936332323,0.041046788092779285,0.028864211664038752,,0.03797884496871822,,0.03996340132283238,0.03766125404133297,0.025866714677935686,0.025846603410088966,0.03458523420417859,0.028424238886478614,,0.027279119547585377,0.02703632406785429,0.03175493238114725,,0.02882311173715544,0.03137631472494301,0.0247769837676486,,,,,,,,,,,,,,,,,,,,,,,,,,,,,,,,,,,,,,,,,,,,,,,,,,,,,,,,,,,,,,,,,,,,,,,,,,,,,,,,,,,,,,,,,,
817,0.06319293232014804,0.06058976225772342,0.051899713172361965,0.05101074514283628,0.051899713172361965,0.04924448810165806,0.05004251913864496,0.04807647381184469,0.049382661924785264,0.04657693415665423,0.04051887263243735,0.03147503850630228,,0.03749038727552193,0.026193296715047602,0.039449419635434926,0.037176880983461905,0.02941116772539126,0.02732169025372349,0.034140422790562897,0.03085452272513719,,,0.028822332914539433,0.03134652235626957,,0.028452408766028586,0.030972774219059526,0.024458319302063197,,,,,,,,,,,,,,,,,,,,,,,,,,,,,,,,,,,,,,,,,,,,,,,,,,,,,,,,,,,,,,,,,,,,,,,,,,,,,,,,,,,,,,,,,,
818,0.06198972407303105,0.06077338878910889,0.051964137793189695,0.051431764428757465,0.051964137793189695,0.04967927275619949,0.05048150213864618,0.04846489793970146,0.04942146132527614,0.04697648265235659,0.04086903967864156,0.031431206325113197,,0.03781527187957938,0.02615681989461977,0.0393445618996692,0.037481623016810926,0.029370209693442742,0.027283642030927716,0.03442624868996505,0.03081155467506411,,,0.028782194894744813,0.03149978582755841,,0.028594313140187892,0.031264003838869535,,,,,,,,,,0.021722754825348942,,,,,,,,,,,,,,,,,,,,,,,,,,,,,,,,,,,,,,,,,,,,,,,,,,,,,,,,,,,,,,,,,,,,,,,,,,,,,,,,,
819,0.061431365386731634,0.060225985973018405,0.051496082350989264,0.05096850422152266,0.051496082350989264,0.049231797728890456,0.05002680120816056,0.048028361124125944,0.04897630847723205,0.04655335240725607,0.040500920871105024,0.03257354811303199,,0.037474659207971724,0.027364829281492885,0.03899017448750001,0.03714401561330999,0.03041076242731155,0.028267965808607385,0.03411616189283559,0.031911244297803495,,,0.0298010318420236,0.031216058495385304,,0.02833675620862648,0.030982400260648014,,,,,,,,,,,0.02247482996343057,,,,,,,,,,,,,,,,,,,,,,,,,,,,,,,,,,,,,,,,,,,,,,,,,,,,,,,,,,,,,,,,,,,,,,,,,,,,,,,,
820,0.062282441399529556,0.0610603625441081,0.05220951400216755,0.051674626754825426,0.05220951400216755,0.049913859764305124,0.05071987729782973,0.048693750633693446,0.04965483094011329,0.04719830700495578,0.04106202450330702,0.030983094716845724,,0.03799383672159036,0.025395321671592006,0.03953034809478049,0.0376586123589377,0.028356900674321353,0.02687802648551737,0.03458881046336523,0.030370627240766467,,,0.028356900674321353,0.03164852875601307,,0.02872933633992978,0.0314116333977392,,,,,,,,,,0.021418913557277233,,,,,,,,,,,,,,,,,,,,,,,,,,,,,,,,,,,,,,,,,,,,,,,,,,,,,,,,,,,,,,,,,,,,,,,,,,,,,,,,,
821,0.06059580242351804,0.05940681806123136,0.050795654826837594,0.05027525258777174,0.050795654826837594,0.04856216802856199,0.049346358213048204,0.04737510004997382,0.04831015383162264,0.045920153766137534,0.039950044795945376,0.03451951782755806,,0.03696494504003632,0.02829395408014099,0.03845984693371869,0.03663879871708561,0.03159356892225852,0.02994589542831995,0.03365212855831345,0.03383714306310878,,,0.03159356892225852,0.030791471117715095,,0.02795133186006307,0.030560991001610964,,,,,,,,,,0.023863677116326136,,,,,,,,,,,,,,,,,,,,,,,,,,,,,,,,,,,,,,,,,,,,,,,,,,,,,,,,,,,,,,,,,,,,,,,,,,,,,,,,,
822,0.06075262768054564,0.059560566161578794,0.05092711676488452,0.050405367696308455,0.05092711676488452,0.048687849580390755,0.04947406929204424,0.04749770940482845,0.04843518315690058,0.04603899764028561,0.040053437700945625,0.034168224796609616,,0.037060612343299326,0.02827380240408281,0.038559383124995905,0.03673362193579358,0.03124348613753674,0.02963361449150305,0.033739222110995504,0.03347172868788287,,,0.03124348613753674,0.030871161132190742,,0.02802367143851409,0.030640084520916946,,,,,,,,,,0.023577858894544904,,,,,,,,,,,,,,,,,,,,,,,,,,,,,,,,,,,,,,,,,,,,,,,,,,,,,,,,,,,,,,,,,,,,,,,,,,,,,,,,,
823,0.06006342710474894,0.058884888778385026,0.05034938046708051,0.04983355031546677,0.05034938046708051,0.048135516368705604,0.048912816909309834,0.046958877589306586,0.047885716287811665,0.04551671399768116,0.03959905649341526,0.03504832190545659,,0.03664018286820422,0.028238655145282773,0.03812195103248045,0.03631690196242271,0.03304415002825942,0.030988649102867673,0.0333564717314053,0.0351253175831697,,,0.03304415002825942,0.030520947111166073,,0.02770576040768725,0.030292491919567822,,,,,,,,,,0.02506672439477868,,,,,,,,,,,,,,,,,,,,,,,,,,,,,,,,,,,,,,,,,,,,,,,,,,,,,,,,,,,,,,,,,,,,,,,,,,,,,,,,,
824,,,,,,,,,,,,,,,,,,,,,,,,,,,,,,,,,,,,,,,,0.10839539186638504,0.09754486738262919,0.07719713771701105,0.07719713771701105,0.06915127257450406,0.05801728691575364,0.048907695934449616,0.048907695934449616,0.048907695934449616,0.02647407982881995,0.02588290831051938,0.02588290831051938,0.02346132729096359,0.022879430779821887,0.022866473076071456,0.022794222057145583,0.0227153880148157,0.02266097591342115,0.022237439126676434,0.022063845350214273,0.02174999763164622,0.02143682629362296,0.02128519581123515,0.02128519581123515,0.020097604416628896,,,,,,,,,,,,,,,,,,,,,,,,,,,,,,,,,,,,,,,,,,,,,,,,,,,,,,,
825,,,,,,,,,,,,,,,,,,,,,,,,,,,,,,,,,,,,,,,,0.10890569331255874,0.09800408696784495,0.07756056470721023,0.07756056470721023,0.06947682141742001,0.05829041942541492,0.04913794251167624,0.04913794251167624,0.04913794251167624,0.02659871392064018,0.02600475929804402,0.02600475929804402,0.02315761723131821,0.022772965309998262,0.022574337213965498,0.022688249790095566,0.022425358565139872,0.02237118301428242,0.021948259623516302,0.02176339853073909,0.02146690167652192,0.02115827858015479,0.02100805850186684,0.02100805850186684,0.019837122871118395,,,,,,,,,,,,,,,,,,,,,,,,,,,,,,,,,,,,,,,,,,,,,,,,,,,,,,,
826,,,,,,,,,,,,,,,,,,,,,,,,,,,,,,,,,,,,,,,,0.1098937198673435,0.10029630345653169,0.07936772339055406,0.07936772339055405,0.07107924844989673,0.059596985830930704,0.05016091144462538,0.05016091144462538,0.05016091144462538,0.02235528051787809,0.024880975271897237,0.021771877829347565,0.02299160794954376,0.022614014326025816,0.022449330140805853,0.02253332991118084,0.022306820728543186,0.021650979458377267,0.021838063765750752,0.02161523521122379,0.020775142835130263,0.021091071338250233,0.020910533378008335,0.020311633509940114,0.019819665108409986,,,,,,,,,,,,,,,,,,,,,,,,,,,,,,,,,,,,,,,,,,,,,,,,,,,,,,,
827,,,,,,,,,,,,,,,,,,,,,,,,,,,,,,,,,,,,,,,,0.11443675813197529,0.10444258174208049,0.08264880810381389,0.08264880810381389,0.07401768520423498,0.062060742517058655,0.05223457807777627,0.05223457807777627,0.05223457807777627,0.02327945430080123,0.02590956200877388,0.0226719335758544,0.020714374871080875,0.019636896547010146,0.01978814640998236,0.019754398290582703,0.019673940632998557,0.019687804851485757,0.019290576152157228,0.019110812952499407,0.019215025146894143,0.01896688082619592,0.018800698270411264,0.018800698270411264,0.017739678856554943,,,,,,,,,,,,,,,,,,,,,,,,,,,,,,,,,,,,,,,,,,,,,,,,,,,,,,,
828,,,,,,,,,,,,,,,,,,,,,,,,,,,,,,,,,,,,,,,,0.1109618801922697,0.10127117747315748,0.08013917287199708,0.08013917287199708,0.07177013445513346,0.06017626493647591,0.050648472476611237,0.050648472476611237,0.050648472476611237,0.022572572495350676,0.025122816849950942,0.021983499167896506,0.02242625673957378,0.02183284674170567,0.021845086151038553,0.021929072585910463,0.021707878956632978,0.021113414577559317,0.021446872127197567,0.021044825988696888,0.020427820567404293,0.020569370651020227,0.020425718102473747,0.01984058757220343,0.019308140494520693,,,,,,,,,,,,,,,,,,,,,,,,,,,,,,,,,,,,,,,,,,,,,,,,,,,,,,,
829,,,,,,,,,,,,,,,,,,,,,,,,,,,,,,,,,,,,,,,,0.11178153779742686,0.09958793797444526,0.07881907921867476,0.07881907921867476,0.07061585035612306,0.05927299109168282,0.050021926054743,0.050021926054743,0.050021926054743,0.022571644940802483,0.02511312876808887,0.02198923917812077,0.023005982124062144,0.022392696764818885,0.022407927686633283,0.02249116701960026,0.022267637519404925,0.021659080849917335,0.02217785573384436,0.02159064522091896,0.02115291731291872,0.021105135065940275,0.02095820707942862,0.02035931180971167,0.019795169104531874,,,,,,,,,,,,,,,,,,,,,,,,,,,,,,,,,,,,,,,,,,,,,,,,,,,,,,,
830,,,,,,,,,,,,,,,,,,,,,,,,,,,,,,,,,,,,,,,,0.11733400136112519,0.10239990985980968,0.09681061217481945,0.09681061217481945,0.08629628374707146,0.07139181707182538,0.037950970414823884,,,0.026075785196700518,0.02913829736511404,0.02529788256688007,0.02217420886765539,0.02161657914615674,0.02158010101442511,0.021493474117458944,0.02144635723074322,0.02090406945385305,0.021370929928005707,0.020766213202185493,0.020384020263502504,0.02036785200161987,0.020193431935683268,0.019614567571018045,0.019068556608552913,0.020888317173991814,0.018625149552158785,,,,,,,,,,,,,,,,,,,,,,,,,,,,,,,,,,,,,,,,,,,,,,,,,,,,,
831,,,,,,,,,,,,,,,,,,,,,,,,,,,,,,,,,,,,,,,,0.11747431642597563,0.1025223658386903,0.09692638413493279,0.09692638413493279,0.08639948204006287,0.07147719170599806,0.03799635447070811,,,0.026106968190960124,0.029173142695853534,0.02532813529832852,0.02210916275965176,0.021553168796312836,0.02151679766999955,0.021430424885481306,0.021383446212043918,0.020842749189056854,0.021308240168721324,0.020705297326681766,0.02032422551765514,0.020308104683958775,0.020134196264075237,0.019557029947543693,0.01901262066062187,0.020913296681593054,0.01857051430016021,,,,,,,,,,,,,,,,,,,,,,,,,,,,,,,,,,,,,,,,,,,,,,,,,,,,,
832,,,,,,,,,,,,,,,,,,,,,,,,,,,,,,,,,,,,,,,,0.11419290629296376,0.10063449117470423,0.08821159465169348,0.08821159465169348,0.07879550823053397,0.06558675241408396,0.04326504665981121,,0.04326504665981121,0.02438847905892105,0.0272045176162841,0.02370309642524505,0.02316356030677165,0.022588586135308807,0.022543075342088985,0.022459937245175098,0.022403371431397597,0.021836916479056556,0.022324293427069056,0.021692134862402956,0.02129335053243803,0.02127649391863111,0.021094272510405677,0.0204895940038413,0.019919267999831396,,0.019456111969836272,,,,,,,,,,,,,,,,,,,,,,,,,,,,,,,,,,,,,,,,,,,,,,,,,,,,,
833,,,,,,,,,,,,,,,,,,,,,,,,,,,,,,,,,,,,,,,,0.11269593513052319,0.0993152592177828,0.0870552162244057,0.0870552162244057,0.07776256662864198,0.06472696628384811,0.04269787896705432,,0.04269787896705432,0.024068766994203763,0.026847889698826555,0.02339236913962795,0.02402988380242783,0.02309506135262447,0.02291958923879167,0.022953436275352956,0.022809580854875444,0.0228798546647346,0.02234992152717153,0.02208788738539552,0.022266976277655174,0.02201608952399291,0.02185753701473559,0.021857537014735588,0.020535661193854023,,0.02002504039727842,,,,,,,,,,,,,,,,,,,,,,,,,,,,,,,,,,,,,,,,,,,,,,,,,,,,,
834,,,,,,,,,,,,,,,,,,,,,,,,,,,,,,,,,,,,,,,,0.11594796562781205,0.10127513936528493,0.09574778198251277,0.09574778198251277,0.08534776003968622,0.07060433606384768,0.03752438139254793,,,0.02577422940390329,0.028801644688071247,0.025005038795889414,0.02286981428064186,0.022361904122229218,0.02227732915442974,0.022232176270972712,0.022157680153236815,0.02159522177955422,0.0216948612162735,0.02140291928574704,0.020635020552555026,0.021020556060031198,0.02083745162157057,0.020234686440487513,0.019667503902296518,0.020029572359053942,0.019207243458851813,,,,,,,,,,,,,,,,,,,,,,,,,,,,,,,,,,,,,,,,,,,,,,,,,,,,,
835,,,,,,,,,,,,,,,,,,,,,,,,,,,,,,,,,,,,,,,,0.11561912029342307,0.10098790830530435,0.09547622731389431,0.09547622731389431,0.0851057013495002,0.07040409187347733,0.03741795677629909,,,0.025701129931730127,0.028719959024790152,0.024934120860419646,0.022839995886255376,0.02227296222249009,0.02222438255203081,0.02214601062799997,0.02210691546155057,0.021548423087751577,0.022076988926391143,0.021782098573966655,0.021029064030984153,0.021410573757486985,0.021230847145293264,0.02024065227825262,0.020074306927826517,0.01997276557176433,0.019201569907223416,,,,,,,,,,,,,,,,,,,,,,,,,,,,,,,,,,,,,,,,,,,,,,,,,,,,,
836,,,,,,,,,,,,,,,,,,,,,,,,,,,,,,,,,,,,,,,,0.11512208461001941,0.10055377082101416,0.09506578402586956,0.09506578402586953,0.08473983997359245,0.07010143132883785,0.03725710051246767,,,0.02559064320040538,0.028596494632179448,0.02482693142868486,0.02350996967075052,0.02261638100260946,0.021736314792202602,0.02248219620078803,0.02236729323337223,0.02180472918774148,0.02192828668710506,0.021627901828430496,0.021218221350640085,0.02161812118135084,0.021431885392020022,0.020806457746657486,0.020263277191778853,0.01988690453805097,0.019782195437561437,,,,,,,,,,,,,,,,,,,,,,,,,,,,,,,,,,,,,,,,,,,,,,,,,,,,,
837,,,,,,,,,,,,,,,,,,,,,,,,,,,,,,,,,,,,,,,,0.1152071934383908,0.10075952470923454,0.09526114454933098,0.09526114454933098,0.08491224014631642,0.0702397574895017,0.037318300493423204,,,0.02483037777301332,0.02848887343802266,0.02483037777301332,0.023197733444153035,0.0224375448404415,0.02184518167697147,0.022307576738994195,0.02243987845960534,0.021046797693875033,0.022425719419084146,0.022133912915876488,0.02135123683270997,0.021742643987454506,0.02156123761311253,0.020543682571405583,0.02042586635516452,0.019907465047311505,0.01952458804426228,,,,,,,,,,,,,,,,,,,,,,,,,,,,,,,,,,,,,,,,,,,,,,,,,,,,,
838,,,,,,,,,,,,,,,,,,,,,,,,,,,,,,,,,,,,,,,,0.11518261612324755,0.100738029535899,0.09524082235328905,0.09524082235328905,0.08489412569683365,0.0702247731417029,0.03731033932707184,,,0.024825080673054202,0.028482795865957363,0.024825080673054202,0.023592665895968104,0.02249599198620922,0.02080559763772409,0.02236185763742107,0.02240864986966962,0.02104678662844856,0.022436631115654564,0.021184719822022965,0.021771979632306176,0.022125794144371422,0.02136010130663667,0.020940528491783555,0.020766254415702075,0.01990321815935626,0.019834737513326792,,,,,,,,,,,,,,,,,,,,,,,,,,,,,,,,,,,,,,,,,,,,,,,,,,,,,
839,,,,,,,,,,,,,,,,,,,,,,,,,,,,,,,,,,,,,,,,0.10857341732441181,0.0969493346334609,0.07622603421620877,0.07622603421620877,0.06830438431164597,0.057359734759642685,0.0491070567751831,0.051839281223829754,0.0491070567751831,0.021277455785044065,0.024215990965543246,0.021277455785044065,0.02494504652188371,0.02378550898513817,0.021998217720588995,0.02364368577679634,0.02369316023701418,0.022253232165362544,0.02372274542615358,0.022399071976166352,0.023019994738881826,0.023394090633873207,0.02258450669185542,0.022140883091539137,0.02195661926334014,,,,,,,,,,,,,,,,,,,,,,,,,,,,,,,,,,,,,,,,,,,,,,,,,,,,,,,
840,,,,,,,,,,,,,,,,,,,,,,,,,,,,,,,,,,,,,,,,0.11517638513752344,0.10073257995292334,0.09523567015042712,0.09523567015042708,0.08488953321488553,0.07022097422157368,0.03730832096527789,,,0.024823737721066472,0.02848125504408339,0.024823737721066472,0.023459777191407512,0.022378683835249574,0.020625794473825804,0.022239958651429498,0.02226026064611047,0.02148833969272972,0.02226620951833719,0.021045653296576886,0.0221836716528208,0.021973899517177986,0.021785939849960037,0.021349513726725892,0.02054051751724371,0.019902141463302728,0.01957177468784785,,,,,,,,,,,,,,,,,,,,,,,,,,,,,,,,,,,,,,,,,,,,,,,,,,,,,
841,,,,,,,,,,,,,,,,,,,,,,,,,,,,,,,,,,,,,,,,0.1068049782016525,0.09623006254494629,0.09041693018537932,0.09041693018537932,0.07197579061480533,0.05924389131145085,0.04347908510140789,,,0.01997954416999636,0.022650837709070316,0.01997954416999636,0.02322502645758053,0.0221547510839048,0.020419402045245165,0.022017414056435758,0.022037512898797317,0.02127331618801205,0.022043402243514074,0.020835059542214658,0.02196169029481438,0.02175401724827957,0.021567938403264198,0.021135879386838214,0.02033497841424979,,0.019375929329523155,0.07868608821324191,,,,,,,,,,,,,,,,,,,,,,,,,,,,,,,,,,,,,,,,,,,,,,,,,,,,
842,,,,,,,,,,,,,,,,,,,,,,,,,,,,,,,,,,,,,,,,0.10716278497469216,0.09655244235091004,0.09071983544843455,0.09071983544843455,0.07221691631709456,0.05944236394755251,0.04362474414648985,,,0.020046477531592787,0.022726720156534763,0.020046477531592787,0.023054084215830176,0.022047215624870636,0.020316152477969127,0.02190983400900901,0.021923360797398123,0.021164793304259147,0.021876340937193196,0.020670267509220124,0.021840089173606147,0.0211229271796678,0.021401349894429746,0.02097123019525049,0.020224461626041107,,0.019269601155129462,0.07894969404679712,,,,,,,,,,,,,,,,,,,,,,,,,,,,,,,,,,,,,,,,,,,,,,,,,,,,
843,,,,,,,,,,,,,,,,,,,,,,,,,,,,,,,,,,,,,,,,0.1072699280373609,0.09664897702368912,0.09081053858774775,0.09081053858774775,0.07228911994256525,0.05950179537169023,0.04366836086191114,,,0.02006652031975812,0.02274944269405151,0.02006652031975812,0.02297280190490738,0.022150379894146862,0.020249320928898744,0.022012571657892593,0.021849045520405574,0.02109390521256377,0.021797154283637588,0.02058177805881368,0.0217609896619424,0.021047567186786537,0.021323690213590714,0.020895854710611242,0.020152187456007404,,0.019202382352622765,0.07902862921089286,,,,,,,,,,,,,,,,,,,,,,,,,,,,,,,,,,,,,,,,,,,,,,,,,,,,
844,,,,,,,,,,,,,,,,,,,,,,,,,,,,,,,,,,,,,,,,0.10287631083536422,0.09338226972190644,0.08278345517064452,0.08597717126230432,0.06623202974413478,0.05445945560207952,0.04555956355001586,,0.03607841731505906,,0.020857453799492456,,0.024350573597233582,0.023489311811333773,0.021466012585341025,0.02334252893012355,0.02316180929609077,0.02236052874441883,0.02304743646679919,0.021758228658839893,0.022605196734856687,0.022250586094597152,0.02254388064494251,0.022142077235035633,0.021299372476686482,,0.020346953531814035,0.07302937137198966,0.02460000481889613,,,,,,,,,,,,,,,,,,,,,,,,,,,,,,,,,,,,,,,,,,,,,,,,,,,
845,,,,,,,,,,,,,,,,,,,,,,,,,,,,,,,,,,,,,,,,0.10319920766665475,0.09367536770284178,0.08304328676006321,0.08624702693596227,0.06643991154277884,0.054630386941908186,0.04570256088911002,,0.036191656276822116,,0.020922918877759336,,0.02414774552573346,0.023631089921137813,0.021249259035259035,0.02347242081979696,0.022975384496546975,0.022133756666494656,0.022839783622336973,0.021550493007737214,0.022401951644460794,0.02205142013753803,0.022339831635407474,0.021942818964770586,0.02110851798736647,,0.020167398419781043,0.07325858791771993,0.024677216604012193,,,,,,,,,,,,,,,,,,,,,,,,,,,,,,,,,,,,,,,,,,,,,,,,,,,
846,,,,,,,,,,,,,,,,,,,,,,,,,,,,,,,,,,,,,,,,0.10070155956142725,0.09200730402459996,0.07507475473819364,0.0777975663398183,0.060257394690958845,0.04992815600031942,0.049774254935134966,0.043097312207604335,0.04125970077280019,,,,0.024849892721796486,0.02431821425373268,0.021867126555608893,0.02415493150990957,0.023643442795634528,0.022777342841657847,0.02350389903683894,0.02217711954821626,0.023053336160532307,0.02269261220253972,0.022989409879745265,0.0225808532190828,0.021722293161619523,,0.020753808535675506,0.06744863666010828,0.021569077646444505,,,,,,,,,,,,,,,,,,,,,,,,,,,,,,,,,,,,,,,,,,,,,,,,,,,
847,,,,,,,,,,,,,,,,,,,,,,,,,,,,,,,,,,,,,,,,0.10083440007007242,0.09212867550205203,0.07517378963546104,0.07790019303526322,0.060336883260899976,0.04999401875028756,0.049839914666442144,0.0431541640468393,0.04131412852606515,,,,0.024780579566725414,0.02425038409549051,0.02180613315210103,0.024087556791949166,0.023577494759751454,0.022713810595697454,0.023438340226708293,0.02211526148937133,0.022989034093634494,0.02262931629353234,0.02292528612074854,0.02251786903648154,0.021661703738105036,,0.020695920480968265,0.0675376115602029,0.021597530505149367,,,,,,,,,,,,,,,,,,,,,,,,,,,,,,,,,,,,,,,,,,,,,,,,,,,
848,,,,,,,,,,,,,,,,,,,,,,,,,,,,,,,,,,,,,,,,0.10982216034070173,0.09724177388201327,0.08557906578794124,0.0895782919062899,0.0765964753710134,0.0632578768147366,0.04106576068000843,,0.04106576068000843,0.022411679998226217,0.02559417734760979,0.022411679998226217,0.02459182138855337,0.02406566451258036,0.02164003187284384,0.02390407749420226,0.02339790069720226,0.02254079537239146,0.023259806129527178,0.021946805523388294,0.022813922442925714,0.022456944678681895,0.022750660049934757,0.022346346335642437,0.021496702603942795,,,,0.028163818091408034,,,,,,,,,,,,,,,,,,,,,,,,,,,,,,,,,,,,,,,,,,,,,,,,,,,
849,,,,,,,,,,,,,,,,,,,,,,,,,,,,,,,,,,,,,,,,0.10633758347396005,0.09518909613577534,0.07535643134811425,0.0786030574765528,0.06763569195928905,0.05639150843830864,0.047424371852316925,0.05000613770072284,0.047424371852316925,,0.02339799462484557,,0.02543366013600746,0.024892712616353747,0.022386679178024452,0.02472528384444156,0.024199182608994035,0.02331251644331653,0.024061151481001544,0.02269626903756974,0.023459349460418333,0.023224078762549595,0.02352752292951054,0.023108698114163537,0.0222430082571746,,0.021250521493183298,,0.023713120775088713,,,,,,,,,,,,,,,,,,,,,,,,,,,,,,,,,,,,,,,,,,,,,,,,,,,
850,,,,,,,,,,,,,,,,,,,,,,,,,,,,,,,,,,,,,,,,0.10712957428368117,0.09589805421872492,0.07591767789078842,0.07918848453915532,0.06813943527083423,0.05681150628827283,0.04777758343976127,0.0503785780007069,0.04777758343976127,,0.023572260355769575,,0.025104049437746877,0.025081886708390823,0.022085854360163935,0.024908180691361845,0.02388090860240854,0.02309484507631009,0.023709804605268447,0.02234834171294823,0.0232744409675459,0.02289338990651174,0.022370003384449246,0.02195499892235037,0.02190843155380926,,0.020904392811814363,,0.023889733531464504,,,,,,,,,,,,,,,,,,,,,,,,,,,,,,,,,,,,,,,,,,,,,,,,,,,
851,,,,,,,,,,,,,,,,,,,,,,,,,,,,,,,,,,,,,,,,0.10725595486214355,0.09601118499187151,0.07600723784761185,0.07928190306107641,0.0682198192479312,0.056878526726616196,0.047833946574526116,0.05043800952437731,0.047833946574526116,,0.023600068511634542,,0.025044531021518063,0.024997388861846152,0.022032778587361707,0.02483580684724346,0.023823843173247525,0.023039410201970624,0.023654807795457065,0.022296986770812894,0.023220401219910813,0.022840200016869212,0.022318127410021146,0.021904003797081954,0.021857535607989743,,0.02085566455645432,,0.02391791620990047,,,,,,,,,,,,,,,,,,,,,,,,,,,,,,,,,,,,,,,,,,,,,,,,,,,
852,,,,,,,,,,,,,,,,,,,,,,,,,,,,,,,,,,,,,,,,0.10733099512326949,0.09607835799314743,0.07606041534235213,0.07933737163357582,0.06826754837455087,0.056918321062543846,0.04786741298528392,0.0504732978345718,0.04786741298528392,,0.023616579998628238,,0.025007573424483204,0.024961773477891035,0.022000299995809755,0.024800420398407335,0.02378870729491476,0.02300543907046002,0.02361987520190327,0.02226397477175249,0.023186116954319592,0.02280647817361377,0.022285170255296596,0.021871662971065298,0.021825263850562444,,0.020824880751329704,,0.02393465007498317,,,,,,,,,,,,,,,,,,,,,,,,,,,,,,,,,,,,,,,,,,,,,,,,,,,
853,,,,,,,,,,,,,,,,,,,,,,,,,,,,,,,,,,,,,,,,0.11086551409006865,0.10187086941727869,0.08968692872577706,0.09394392344818653,0.08023036865829689,0.06613372177833754,0.04260348151882008,,0.04260348151882008,,0.022202445186768557,0.022202445186768557,0.023162536869092462,0.02321665819494795,0.020468322227002955,0.02306494871476929,0.02212833684287016,0.021403260505636623,0.02186671471834996,0.02059885784865853,0.021461227554765046,0.021200214026078964,0.02011631727982759,0.019730225925860156,0.020200664778942244,,0.019267419796538163,,0.029771115187537316,,,,,,,,,,,,,,,,,,,,,,,,,,,,,,,,,,,,,,,,,,,,,,,,,,,
854,,,,,,,,,,,,,,,,,,,,,,,,,,,,,,,,,,,,,,,,0.10708300326503556,0.09590667794174976,0.07603347285053647,0.07929640507652269,0.06979211196528741,0.056718541889822324,0.047613562561783174,0.050193630322714074,0.047613562561783174,,0.023493771497416913,,0.025071336242834065,0.025128772400033323,0.02216363898704464,0.024964300018704495,0.02395379193721585,0.023241383999013862,0.02367470804065935,0.022294717778254203,0.023070491362545034,0.022945585764241442,0.02177173848485612,0.021353148035308044,0.021877722270288818,,0.02086722504290345,,0.023876699703445716,,,,,,,,,,,,,,,,,,,,,,,,,,,,,,,,,,,,,,,,,,,,,,,,,,,
855,,,,,,,,,,,,,,,,,,,,,,,,,,,,,,,,,,,,,,,,0.10163173923433154,0.09272643436108688,0.06927870941991171,0.08143055273853364,0.061972382560472716,0.05021132227099486,0.040264437086294985,0.04208527864679948,0.040264437086294985,,,,0.024195815770775054,0.02423127580246821,0.021383535308960852,0.024073281298315284,0.023117621728438262,0.022430844471349378,0.02286383680981766,0.021731840621349103,0.02227021755885188,0.02216169046885782,0.021032216469202215,0.02061757926745199,0.02113422007241907,,0.020147457304291728,,0.03369094362054994,0.07505233002218084,,,,,,,,,,,,,,,,,,,,,,,,,,,,,,,,,,,,,,,,,,,,,,,,,,
856,,,,,,,,,,,,,,,,,,,,,,,,,,,,,,,,,,,,,,,,0.10200524898279258,0.09306721596568032,0.06953331761144795,0.08172982052140887,0.06220013905855176,0.05039585535576371,0.04041241408522591,0.04223994747328717,0.04041241408522591,,0.02001006800403592,,0.023822825032337146,0.02426533617037515,0.021548820599823396,0.024108563815024856,0.022483861805526275,0.022427957262289976,0.022909419168309016,0.021767365369188017,0.021903046248166386,0.021799920494825705,0.020689995202863038,0.020282412336658825,0.020841116153921774,,,,0.03381476218325416,0.07532815701401617,,,,,,,,,,,,,,,,,,,,,,,,,,,,,,,,,,,,,,,,,,,,,,,,,,
857,,,,,,,,,,,,,,,,,,,,,,,,,,,,,,,,,,,,,,,,0.08773963333179782,0.07801963744569723,0.05410329421199677,0.06337273477292697,0.04658950145863186,0.04613214884239847,0.040607656742160804,0.04294858015779734,0.040607656742160804,0.017549448187995476,0.020007485289129504,0.017549448187995476,0.01746908971409768,0.017848407349101283,,0.01773103129253015,0.016491052856791838,,0.01647980931074621,,,,,,,,,,0.019591280224932325,,0.061538248659884644,0.05466608417919953,0.05466608417919953,0.05466608417919953,0.03787520089454294,0.03787520089454294,0.03787520089454294,,,,,,,,,,,,,,,,,,,,,,,,,,,,,,,,,,,,,,,,,,,
858,,,,,,,,,,,,,,,,,,,,,,,,,,,,,,,,,,,,,,,,0.08893590800527455,0.07908338609343978,0.05484095857369658,0.06423678212210068,0.04722471998563557,0.04676113165435675,0.041161316581679194,0.043534157014612614,0.041161316581679194,0.017788723867680618,0.02028027475749705,0.017788723867680618,0.017854818984115964,0.017994023233942686,,0.01787259368782677,,,0.016536231095873065,,0.016522146205500382,,,,,,,,0.019858394999226453,,0.05997826279105686,0.05328030670452641,0.05328030670452641,0.05328030670452641,0.03691506992784846,0.036915069927848466,0.03691506992784846,,,,,,,,,,,,,,,,,,,,,,,,,,,,,,,,,,,,,,,,,,,
859,,,,,,,,,,,,,,,,,,,,,,,,,,,,,,,,,,,,,,,,0.08642100665462306,0.07684709122715594,0.05329018337072868,0.06242031480598809,0.04588931435769763,0.04543883522996357,0.03999736994878801,0.042303111953836584,0.03999736994878801,0.017285699985824673,0.019706795591172152,0.017285699985824673,0.01833853800897563,0.018483158515808475,,0.018358376156213503,,,0.016984049285327377,,0.016968579144060338,,,,,,,,0.01929684561467006,,0.06254081662293372,0.055556692310840025,0.055556692310840025,0.055556692310840046,0.03849225555303324,0.03849225555303324,0.03849225555303324,,,,,,,,,,,,,,,,,,,,,,,,,,,,,,,,,,,,,,,,,,,
860,,,,,,,,,,,,,,,,,,,,,,,,,,,,,,,,,,,,,,,,0.08646635322410265,0.07688741420066127,0.0533181456347238,0.062453067804962056,0.04591339326006691,0.04546267775828613,0.04001835724789031,0.042325309114916686,0.04001835724789031,0.017294770086090257,0.01971713608140812,0.017294770086090257,0.018308551012433005,0.018452935037238972,,0.01832835672052811,,,0.01695627713539102,,0.016940832290746458,,,,,,,,0.019306970997193078,,0.06251335807050866,0.05553230013896326,0.05553230013896326,0.05553230013896326,0.038475355523994045,0.038475355523994045,0.038475355523994045,,,,,,,,,,,,,,,,,,,,,,,,,,,,,,,,,,,,,,,,,,,
861,,,,,,,,,,,,,,,,,,,,,,,,,,,,,,,,,,,,,,,,0.10113333125257705,0.09227970105079115,0.05548247624942189,0.07355049686274831,0.048661061891776235,0.04689927643703884,0.05517779892965716,0.05767067560578773,0.05517779892965716,,,,0.02509853447587952,0.025188896772004837,0.022188995336145177,0.025022299944688332,0.02319869670045569,0.022163415251323773,0.023709588180445502,0.02147104915865962,0.02325229818392647,0.022985730588288383,0.0218089598291634,0.02137488356798539,0.021953831319117323,,0.020920427375633145,,0.020529387270515016,,,,,,,,,0.07310038883631287,,,,,,,,,,,,,,,,,,,,,,,,,,,,,,,,,,,,,,,,,,
862,,,,,,,,,,,,,,,,,,,,,,,,,,,,,,,,,,,,,,,,0.09833642002288956,0.08972764300084349,0.053948070540137755,0.07151640772441317,0.047315307047473505,0.04560224497069297,0.053651819279383714,0.056075753751363186,0.053651819279383714,,,,0.022820852038634237,0.022670614260777888,,0.022529743948718216,0.021050032925801,,0.021111676720192932,,,,,,,,,,,,0.023827507448701737,0.022457432890588627,0.022802117932740992,,,,,0.07107874774233779,0.02891305518727942,0.02720772555068503,0.02650422764662845,0.025518844383145726,0.024515504106099734,0.024110781545432686,0.023055650055654364,,,,,,,,,,,,,,,,,,,,,,,,,,,,,,,,,,,
863,,,,,,,,,,,,,,,,,,,,,,,,,,,,,,,,,,,,,,,,0.09689257022908375,0.08841019379112755,0.05315596411092801,0.0704663496632941,0.046620587875182584,0.044932678273199904,0.05286406263555008,0.0552524070658466,0.05286406263555008,,,,0.02329004495897102,0.023142454807133943,,0.022997749985963104,,,0.02158164643799123,,,,,,,,,,,,0.024503601992146785,0.02309465219981761,0.023449117521200113,,,,,0.07003511573653706,0.029733449804237568,0.02797973222507057,0.02725627289217878,0.02624292983268813,0.025211120237649483,0.024794913860831498,0.023709843501266138,0.021518477726554294,,,,,,,,,,,,,,,,,,,,,,,,,,,,,,,,,,
864,,,,,,,,,,,,,,,,,,,,,,,,,,,,,,,,,,,,,,,,0.10245112103569491,0.09763318643386046,0.06754661796975439,0.07932862256724939,0.058037951261089,0.05743804197936463,0.050261991492964384,0.053263876964835706,0.050261991492964384,,,,0.023315493254970183,0.02290424998634958,,0.022820156187843537,0.021424064005178198,,0.021737372997690723,,,,,,,,,,0.024914553843027706,,0.0229393958533806,0.021841405826256637,0.02208046083363404,,,,,,0.028783826472452017,0.028151818800332636,0.026239200887853226,0.025163996628193214,0.025308326355990382,0.02366576695184923,0.022486509917220832,,,,,,,,,,,,,,,,,,,,,,,,,,,,,,,,,,,
865,,,,,,,,,,,,,,,,,,,,,,,,,,,,,,,,,,,,,,,,0.10733383247802426,0.10217625415045445,0.07003662321322597,0.07864238212818915,0.059989577991255386,0.059989577991255386,0.05358907113824807,0.05687175602304291,0.05358907113824807,,,,0.021825356640427496,0.021436638897606393,,0.021358067557481056,0.0200475315914965,,0.020343571688657032,,0.019725481674332333,,,,,,,,,,0.022000550941083215,0.02097637902783738,0.021199591023789773,,,,,,0.027046034868262472,0.02644913140591146,0.024626323243255917,0.02362661961404389,0.02374929778728502,0.022228370013128315,0.021142907773458036,,,,,,,,,,,,,,,,,,,,,,,,,,,,,,,,,,,
866,,,,,,,,,,,,,,,,,,,,,,,,,,,,,,,,,,,,,,,,0.1073611321661186,0.10220224204080142,0.07005443658972396,0.07866238432557214,0.0600048359647225,0.0600048359647225,0.053602701182881386,0.05688622099801831,0.053602701182881386,,,,0.022029128662589686,0.0216303806349573,,0.021550960108166872,0.020241863020122815,,0.02053824366695971,,,0.019846733219607494,,,,,,,,,0.021927562533605446,0.020904562969098154,0.02112738886964084,,,,,,0.02696580298449373,0.026067695010569526,0.024559803967212752,0.023421080013933945,0.02368322542440261,0.022165306530651584,0.020958771968545366,,,,,,,,,,,,,,,,,,,,,,,,,,,,,,,,,,,
867,,,,,,,,,,,,,,,,,,,,,,,,,,,,,,,,,,,,,,,,0.10795511058272159,0.10276767875589436,0.0704420146869556,0.079097586130408,0.060336814370088976,0.060336814370088976,0.053899259601481016,0.05720094558030614,0.053899259601481016,,,,0.021531421171569566,0.020975370799189857,,0.02090011755663599,0.019153951885914074,,0.02004737414792547,,,0.019313041956323433,,,,,,,,,0.021952239572902637,0.020928879063942037,0.021152413690055088,,,,,,0.026992685697645666,0.026093532206316838,0.02458504819022471,0.023446033657428766,0.023707520653983946,0.022189730318142444,0.0210951557523738,,,,,,,,,,,,,,,,,,,,,,,,,,,,,,,,,,,
868,,,,,,,,,,,,,,,,,,,,,,,,,,,,,,,,,,,,,,,,0.10738007371299312,0.10222027341322862,0.07006679617803731,0.0786762625998591,0.06001542251862885,0.06001542251862885,0.053612158218743156,0.05689625733984711,0.053612158218743156,,,,0.022323558481825295,0.022056719755717276,,0.02196919976325563,,,0.020815815833254446,,0.020554779999613138,0.020057619407359725,,,,,,,,,0.021781868431864644,0.020763972373633185,0.02098064489069361,,,,,,0.026694557075136478,0.025800118288594836,0.0242950712948869,0.023169237366987377,0.023508581151795986,0.021917353475296757,0.020816077691375466,,,,,,,,,,,,,,,,,,,,,,,,,,,,,,,,,,,
869,,,,,,,,,,,,,,,,,,,,,,,,,,,,,,,,,,,,,,,,0.10808528725126178,0.10289160020789265,0.07052695653683845,0.07919296522081368,0.06040957095792097,0.06040957095792097,0.05396425352361985,0.057269920809851056,0.05396425352361985,,,,0.021822386832707413,0.021561538728771958,,0.02147598359056904,,,0.020348493530791788,,0.020093318042369697,0.019607318878259512,,,,,,,,,0.021402420086358575,0.020544526256706414,0.02087709392299452,,,,,,0.02658792861703622,0.025706198911930822,0.024205729826415445,0.02307986664132037,0.023422854399592397,0.021831641170556318,0.02071832157388037,,,,,,,,,,,,,,,,,,,,,,,,,,,,,,,,,,,
870,,,,,,,,,,,,,,,,,,,,,,,,,,,,,,,,,,,,,,,,0.09061669619851521,0.08626240549967962,0.05912848970320862,0.0663939103366752,0.05064626165308793,0.05064626165308793,0.04524262729451579,0.0480140373155063,0.04524262729451579,,,0.015176533377290366,,,,,,,,,,,,,,0.015176533377290366,,0.040412089028345206,0.015395111231260042,0.04208527530918436,,,,,,,,0.040412089028345206,,,,,,,,,0.04231756567178932,0.04208527530918436,0.04208527530918435,0.041610583970678634,0.040412089028345206,0.040412089028345206,0.011027117992845094,0.009880452088961711,0.009659301650079109,0.009659301650079109,,,,,,,,,,,,,,,,,,,,,,,,
871,,,,,,,,,,,,,,,,,,,,,,,,,,,,,,,,,,,,,,,,0.10604806235375637,0.10095226752887217,0.069197642663914,0.0777003117380129,0.05927095269513186,0.05927095269513186,0.05294711859573606,0.056190479643351054,0.05294711859573606,,,,0.022165949461506036,0.02187911298213832,,0.02179179958534803,,,0.020700792917217898,,0.020401515037906513,,,,,,,,,,0.021097141490770164,0.021264628234264234,0.021599415402166026,,,,,,0.027794799070675738,0.027124922753980735,0.025558739096257672,0.02435178552464334,0.024750585804889914,0.023120026201668756,0.021917001864989776,0.019956878061934465,,,,,,,,,,,,,,,,,,,,,,,,,,,,,,,,,,
872,,,,,,,,,,,,,,,,,,,,,,,,,,,,,,,,,,,,,,,,0.10911173790732505,0.10386872811514687,0.07119672799832422,0.07994503493514526,0.06098326091442832,0.06098326091442832,0.05447673440646675,0.05781379453478563,0.05447673440646675,,,,0.02445658489808538,0.02401375282544032,0.020109712406886342,0.023945883992447868,0.021871610434152797,0.020286097287823008,0.023321545626172255,0.02085458540200397,0.02254281045124048,0.022457106595652164,0.02134039296287473,0.020887763651244434,0.021676571027048643,,0.02061777369196712,,,,,,,,,,,,,,,,,,,,,,,,,,,,,,0.019791606406287333,0.0189701882081561,,,,,,,,,,,,,,,,,,,,,,
873,,,,,,,,,,,,,,,,,,,,,,,,,,,,,,,,,,,,,,,,0.10716267915449994,0.10197757743654295,0.07043270384886882,0.07911013965911759,0.06029655450768789,0.06029655450768789,0.05296546899008253,0.05296546899008253,0.05296546899008253,,,,0.021944044604213675,0.021710487744915002,,0.02156721110269241,,,0.0204937262096478,,0.020197296698476544,,,,,,,,,,0.020447961289590397,0.02056272439674231,0.020897037492418603,,,,,,0.02730785678924209,0.02730785678924209,0.025723102220462157,0.024294856450123102,0.02491255700134666,0.02322398320335909,0.021239526354991555,0.019997155567883892,,,,,,,,,,,,,,,,,,,,,,,,,,,,,,,,,,
874,,,,,,,,,,,,,,,,,,,,,,,,,,,,,,,,,,,,,,,,0.10835954615237921,0.10311653362838573,0.07121934505150786,0.07999369647295117,0.06096998817643777,0.06096998817643777,0.05355702401988945,0.05355702401988945,0.05355702401988945,,,,0.02118732381623247,0.020972746772203562,,0.020833149826697712,,,0.019782714212879023,,0.019496316208376174,,,,,,,,,,0.020169341721233205,0.02028254109071342,0.02061229890730373,,,,,,0.026935765744877098,0.026935765744877098,0.025372604704549818,0.02396381990708743,0.02457310380207233,0.02290753815125755,0.020950121089531107,0.019724678582340505,,,,,,,,,,,,,,,,,,,,,,,,,,,,,,,,,,
875,,,,,,,,,,,,,,,,,,,,,,,,,,,,,,,,,,,,,,,,0.10892866083118534,0.10365811150499474,0.07159339584927304,0.08041383100185273,0.061290208373641734,0.061290208373641734,0.053838310621810326,0.053838310621810326,0.053838310621810326,,,,0.02147988356119762,0.02093988615247189,,0.020452750091068762,,,0.02005964509776094,,0.019767067209818537,0.019284630271603015,,,,,,,,,0.020278980173482654,0.020439971668568528,0.020761775565233256,,,,,,0.026716898093837028,0.026073000030637963,0.024567554027116887,0.023407406925681884,0.023790741463199094,0.022223416056585604,0.021067045811716024,,,,,,,,,,,,,,,,,,,,,,,,,,,,,,,,,,,
876,,,,,,,,,,,,,,,,,,,,,,,,,,,,,,,,,,,,,,,,0.10821056382208843,0.10297475985748178,0.07112142636908152,0.07988371403271137,0.060886161220356255,0.060886161220356255,0.053483389065469254,0.053483389065469254,0.053483389065469254,,,,0.021774600565833246,0.02122323968044993,,0.02072976841871082,,,0.020335389059297496,,0.02003878917360147,0.019550061221973773,,,,,,,,,0.020608191136504986,0.020773232922049474,0.02110283522579195,,,,,,0.026953254798492077,0.02629469324692928,0.024760365698448538,0.023600057571644052,0.023966164527794036,0.022479493110703245,0.02139690992329214,,,,,,,,,,,,,,,,,,,,,,,,,,,,,,,,,,,
877,,,,,,,,,,,,,,,,,,,,,,,,,,,,,,,,,,,,,,,,0.1074040445264771,0.10220726426506854,0.07059134131387033,0.07928832154516821,0.06043236205209155,0.06043236205209155,0.0530847645342552,0.053084764534255195,0.0530847645342552,,,,0.021432199630591942,0.02124789020603457,,0.020796686251441963,,,0.019455611937732736,,0.019698252154084245,,,,,,,,,,0.021128920596426435,0.021298132671312756,0.021636063393036208,,,,,,0.027634311846215297,0.0269591097074802,0.025386012644956688,0.02419638575746082,0.02457174353413584,0.02304750678202974,0.021937568794055767,0.01996361473547188,,,,,,,,,,,,,,,,,,,,,,,,,,,,,,,,,,
878,,,,,,,,,,,,,,,,,,,,,,,,,,,,,,,,,,,,,,,,0.10758238050255493,0.10237697139588767,0.07070855268902253,0.07941997357258185,0.06053270524047672,0.06053270524047672,0.05317290761433954,0.05317290761433954,0.05317290761433954,,,,0.02119865248733608,0.02101635148656732,,0.020570064311233833,,,0.01924360371334748,,0.019483599874009674,,,,,,,,,,0.021133539377036093,0.021302788441670505,0.02164079303502682,,,,,,0.02764035270491105,0.026965002967034208,0.025391562025599487,0.024201675085746683,0.024577114915606234,0.023052544965449475,0.0219423643451066,0.019967978780299354,,,,,,,,,,,,,,,,,,,,,,,,,,,,,,,,,,
879,,,,,,,,,,,,,,,,,,,,,,,,,,,,,,,,,,,,,,,,0.1077054722561976,0.10249410731426835,0.07078945478198016,0.07951084294892055,0.06060196450770968,0.06060196450770968,0.05323374607519114,0.05323374607519114,0.05323374607519114,,,,0.02141755120391766,0.021365484938942324,,0.020885625665905388,,,0.019302395591323667,,0.019557560105814078,,,,,,,,,,0.0209901096186604,0.02115820830652143,0.02149521223730059,,,,,,0.027452628373216537,0.026781863719560175,0.025219112590317862,0.024037328875791186,0.02441009639131938,0.022896018702620407,0.02179341970823868,0.019832339428190734,,,,,,,,,,,,,,,,,,,,,,,,,,,,,,,,,,
880,,,,,,,,,,,,,,,,,,,,,,,,,,,,,,,,,,,,,,,,0.10800686563290819,0.10278091767263993,0.07098754567156369,0.07973333899243146,0.060771547634134546,0.060771547634134546,0.053382710637051016,0.053382710637051016,0.053382710637051016,,,,0.021443311941807472,0.02135265341081838,,0.0208724719985768,,,0.01932659085389386,,0.019582192186517043,,,,,,,,,,0.02083899920254661,0.021005887726995805,0.02134046552446088,,,,,,0.02725499347886581,0.02658905774357957,0.025037557054554693,0.023864281148329305,0.024234365064037942,0.022731187409389505,0.021636526162636293,0.019689563944024623,,,,,,,,,,,,,,,,,,,,,,,,,,,,,,,,,,
881,,,,,,,,,,,,,,,,,,,,,,,,,,,,,,,,,,,,,,,,0.11118123811294113,0.10580169708902876,0.07307390296083807,0.08207673925273493,0.06255765194563706,0.06255765194563706,0.05495165356084408,0.05495165356084408,0.05495165356084408,,,,0.020327084605062343,,,0.019421708799503203,,,,,,,,,,,,,,0.020908858942122358,0.01918796092192303,0.0193421403232047,0.019649965719292194,,,,,,0.025108541553835906,0.024493562190915395,0.023060292500001425,0.021753910607606893,0.022319795633497168,0.020932256210916173,0.019922158426388194,,,0.020908858942122358,0.020908858942122358,0.019650203692137026,,,,,,,,,,,,,,,,,,,,,,,,,,,,,,
882,,,,,,,,,,,,,,,,,,,,,,,,,,,,,,,,,,,,,,,,0.1080271765161276,0.10280024580704883,0.07100089500580944,0.0797483329886694,0.06078297583177577,0.06078297583177577,0.05339274935075068,0.05339274935075069,0.05339274935075069,,,,0.021473438102054813,0.020459591020586424,,0.020339301792540596,,,0.01939799788359445,,0.01959525498504496,,,,,,,,,,0.021033751954529077,0.021203709670905898,0.02154420194574847,,,,,,0.02737619695806959,0.026699324011785465,0.025126012472680502,0.02378491422751265,0.02431064361249402,0.022883900656663597,0.021835489562246006,0.019615421110084446,,,,,,,,,,,,,,,,,,,,,,,,,,,,,,,,,,
883,,,,,,,,,,,,,,,,,,,,,,,,,,,,,,,,,,,,,,,,0.10667667147118927,0.1015150853959314,0.07011327514946554,0.07875135676935165,0.06002309560390623,0.06002309560390623,0.05272525826483352,0.05272525826483352,0.05272525826483352,,,0.01793296913367049,,,,,,,,,,,,,,0.01793296913367049,,,,0.028519634127036883,,,,,,,,0.025365057936520722,0.02090374871510233,0.020386652333310475,0.0191861317162514,0.018162899052729404,0.018563394073314688,0.017475357732600283,,,,0.028519634127036883,0.028519634127036883,0.02715838919390601,0.025365057936520722,0.025365057936520722,,,,,,,0.025365057936520722,,,,,,,,,,,,,,,,,,,,,
884,,,,,,,,,,,,,,,,,,,,,,,,,,,,,,,,,,,,,,,,0.10680419172187464,0.10163643553705883,0.07019708787346719,0.0788454953717147,0.060094846625875324,0.060094846625875324,0.05278828552335831,0.05278828552335831,0.05278828552335831,,,0.017954406029740834,,,,,,,,,,,,,,0.017954406029740834,,,,0.029166185461839158,,,,,,,,0.022993331017310603,0.021017985196840235,0.020498062945287863,0.019290981626920348,0.018262157119510767,0.01866484079739043,0.01757085846845831,,,,0.029166185461839158,0.029166185461839158,0.02770428699935083,0.025779518020339953,0.025779518020339953,,,,,,,0.022993331017310603,,,,,,,,,,,,,,,,,,,,,
885,,,,,,,,,,,,,,,,,,,,,,,,,,,,,,,,,,,,,,,,0.08954756740420641,0.08521477870155554,0.05885516623071705,0.06610622858045205,0.050385169740242146,0.050385169740242146,0.04425914825857224,0.04425914825857224,0.04425914825857224,,,0.015053467080556713,,,,,,,,,,,,,,0.015053467080556713,,0.04004816499327466,0.016214176185744764,0.04415079877381749,,,,,,,,0.03610988057598217,,,,,,,,,,0.04415079877381749,0.04415079877381749,0.042382406687988025,0.04004816499327466,0.04004816499327466,,,,,,,0.03610988057598217,0.021402416689318058,0.010601962883154277,0.010601962883154277,0.010601962883154277,,,,,,,,,,,,,,,,,
886,,,,,,,,,,,,,,,,,,,,,,,,,,,,,,,,,,,,,,,,0.09386512369286835,0.09124144218165839,0.06685488409507688,0.06685488409507688,,0.05794351683576145,0.052854952290659306,0.052854952290659306,0.052854952290659306,,,0.017059633016580675,,,,,,,,,,,,,,,,0.039383158349876844,0.015944937011301848,0.043417667193360834,,,,,,,,0.035510269820299284,,,,,,,,,,0.043417667193360834,0.043417667193360834,0.041678639561193734,0.039383158349876844,0.039383158349876844,,,,,,,0.035510269820299284,0.02104702589212286,0.00990440809521387,,0.00990440809521387,0.00990440809521387,0.00990440809521387,0.00990440809521387,,,,,,,,,,,,,,
887,,,,,,,,,,,,,,,,,,,,,,,,,,,,,,,,,,,,,,,,0.0959066902027145,0.09322594361669234,0.06830897787366448,0.06830897787366448,,0.05920378836985824,0.05400454754213102,0.05400454754213102,0.05400454754213102,,,0.01743068004732744,,,,,,,,,,,,,,,,0.03701264023367627,0.013102576088959223,0.0400913059246864,,,,,,,,0.03362420893444451,,,,,,,,,,0.0400913059246864,0.03673446597188846,0.03877090074876917,0.03701264023367627,0.03701264023367627,,,,,,,0.03362420893444451,0.017447515498007406,0.009437784420163797,,0.009452768628929766,0.009437784420163797,0.009437784420163797,,0.03331076877334935,,,,,,,,,,,,,
888,,,,,,,,,,,,,,,,,,,,,,,,,,,,,,,,,,,,,,,,0.09442506213045262,0.08515389904515422,0.06255563031911962,0.06255563031911962,,0.054333092350315276,0.049775023154690304,0.049775023154690304,0.049775023154690304,0.022211748718832365,0.022211748718832365,0.01683814049529095,,,,,,,,,,,,,,,,0.03516989351343007,0.011323809856669203,0.038923896587938094,,,,,,,,0.03225298218106561,,,,,,,,,,0.038923896587938094,0.03603795220549787,0.037899770442780985,0.03516989351343007,0.03516989351343007,,,,,,,0.03225298218106561,0.015092225324424328,,,,,,,0.03191066369328757,0.03516989351343007,0.015092225324424328,,,,,,,,,,,
889,,,,,,,,,,,,,,,,,,,,,,,,,,,,,,,,,,,,,,,,0.09078610911407116,0.08187223810900462,0.06014486145643239,0.06014486145643239,,0.052239203653431404,0.047856793327115725,0.047856793327115725,0.047856793327115725,0.021355752353292942,0.021355752353292942,0.01618923224187681,,,,,,,,,,,,,,,,0.03639657023906885,,0.040281507693509445,,,,,,,,0.03337792111665971,,,,,,,,,,0.040281507693509445,0.037294905604952605,0.03922166145992208,0.03639657023906885,0.03639657023906885,,,,,,,0.03337792111665971,0.015618621047985393,,,,,,,0.033023663038517184,0.03639657023906885,,0.017591764618741654,0.0166858549340855,,,,,,,,,
890,,,,,,,,,,,,,,,,,,,,,,,,,,,,,,,,,,,,,,,,0.09630852388729408,0.08543551385391074,0.07178454333108737,0.07178454333108737,,0.06189165290068644,0.04270135538371534,,0.04270135538371534,0.02484986445902908,0.02484986445902908,0.018322987827350944,,,,,,,,,,,,,,,,0.03604019856750125,,0.040002677266545925,,,,,,,,0.033270288278585,,,,,,,,,,0.040002677266545925,0.03726966227849185,0.03892114122374955,0.03604019856750125,0.03604019856750125,,,,,,,0.030261919342417985,0.015737297942130284,,,,,,,0.02985894652331703,0.03604019856750125,0.015737297942130284,0.017524776447536722,0.01662231640163865,,,,,,,,,
891,,,,,,,,,,,,,,,,,,,,,,,,,,,,,,,,,,,,,,,,0.0949775276752036,0.08425478404176416,0.07079247169086439,0.07079247169086439,,0.06103630228117911,0.04211121714908341,,0.04211121714908341,0.02450643612962559,0.02450643612962559,0.018069761774162505,,,,,,,,,,,,,,,,0.03816045646856961,,0.04334471736608573,,,,,,,,0.034999175641106814,,,,,,,,,,0.04334471736608573,0.040241950671693186,0.04192850005976834,0.03816045646856961,0.03816045646856961,,,,,,,0.031550916062003165,0.018803103791848765,,,,,,,0.030967088624523256,,0.018803103791848765,0.01706701940114647,0.016189598942815638,0.015120113163909278,,,,,,,,
892,,,,,,,,,,,,,,,,,,,,,,,,,,,,,,,,,,,,,,,,0.13070910704060903,0.11595235057769931,0.09742536983647218,0.09742536983647215,,0.08399882333762283,0.05795391525428096,,0.05795391525428096,0.03372602405702928,0.03372602405702928,0.02486780277134908,0.018893474280110702,0.017001170118808605,,0.016917208724770604,0.01755480769449261,,0.018263869387206928,,0.018051117396420565,0.01801590098359226,,,0.017492784574248903,,,0.01670990217825877,,0.018980013714671257,,,,,,,,,,,,,,,,,,0.018980013714671257,0.017621357850898713,0.018359873002486322,0.01670990217825877,0.01670990217825877,,,,,,,,,,,,,,,,,,,,,,,,,,,,
893,,,,,,,,,,,,,,,,,,,,,,,,,,,,,,,,,,,,,,,,0.13158504333907717,0.11672939569003532,0.0980782579156856,0.0980782579156856,,0.08456173452304755,0.05834228863666356,,0.05834228863666356,0.0339520362251438,0.0339520362251438,0.025034452300243832,0.01629307291265589,,,,0.015171546628250222,,0.01579312557552712,,0.015564898009083136,0.01553746327219477,,,0.015126729669210687,,,0.018307181303699467,,0.020182614559023218,,,,,,,,0.016506876923585774,,,,,,,,,,0.020182614559023218,0.020182614559023218,0.019374231090348828,0.018307181303699464,0.018307181303699464,,,,,,,0.016506876923585774,,,,,,,,,,,,,,,,,,,,,
894,,,,,,,,,,,,,,,,,,,,,,,,,,,,,,,,,,,,,,,,0.1305878799968698,0.11584480978736414,0.09733501201950068,0.0973350120195007,,0.08392091806184405,0.05790016550433271,,0.05790016550433271,0.033694744628333904,0.033694744628333904,0.02484473895978678,0.019449641677987933,0.01679949994993255,,0.01695736830189724,0.018010313841964602,,0.018815225167496293,0.017196868197313194,0.0189572160212121,0.01855294001276321,,0.017176988907815993,0.01802143310918707,,0.01702385850989528,,,0.017638688880357512,,,,,,,,,,,,,,,,,,0.017638688880357512,0.017638688880357512,0.017064388551262664,,,,,,,,,,,,,,,,,,,,,,,,,,,,,,
895,,,,,,,,,,,,,,,,,,,,,,,,,,,,,,,,,,,,,,,,0.13055939470553024,0.11581954041966287,0.09731378021625078,0.09731378021625078,,0.08390261229104408,0.057887535671586825,,0.057887535671586825,0.03368739475315884,0.03368739475315884,0.024839319546993324,0.019493247113526537,0.01668111472811887,,0.016847630283977476,0.018046039490489024,,0.018857813172821893,0.01724932180300897,0.019001152180373113,0.018595205586156655,,0.017215506379362575,0.018061868928709923,,0.017060205989853524,,,0.017641751536219254,,,,,,,,,,,,,,,,,,0.017641751536219254,0.017641751536219254,0.01706735148972017,,,,,,,,,,,,,,,,,,,,,,,,,,,,,,
896,0.06376225036125699,0.06643235622233161,0.05852809694960101,0.06087722128299731,0.06144802790486889,0.05023671121459976,0.05762339506268157,0.05130814295083706,0.055864353685652846,0.05023671121459976,0.034329782733809724,,,0.044510718554158855,,0.044526410846155884,0.03544168665124562,,,0.04140611452526917,,,,,0.02790851823135194,,0.0348065830838382,,,,,,,,,,,,,,,,,,,,,,,,,,,,,,,,,,,,,,,,,,,,,,,,,,,,,,,,,,,,,,,,,,,,,,,,,,,,,,,,,,,,,0.021268489249128015,0.020304610736610763,0.020209549080156933,0.020014212582909727,0.019922220086536744,0.019864921723004626,0.019848051818399444,0.01932086324799772
897,0.05797403061428106,0.060295671387334916,0.05442265650735467,0.056703086282713054,0.05545655822236581,0.04689941273225519,0.053642349655394946,0.04785913649777794,0.05199952208073511,0.04689941273225519,0.03188486698519667,0.03154298355363194,,0.041653543886779366,0.024894882111612907,0.03926821291117219,0.03294092840290799,0.02651332025631491,0.02783814869917908,0.03873828136473755,0.031093876893286253,0.025216325419595124,0.02917125219319262,0.02917125219319262,0.025784211500854852,,0.03213607691587805,,,,,,,,,,,,,,,,,,,,,,,,,,,,,,,,,,,,,,,,,,,,,,,,,,,,,,,,,,,,,,,,,,,,,,,,,,,,,,,,,,,,,,,,,,,,
898,0.058023022481816115,0.060346625193966025,0.05446864723027427,0.056751004118726106,0.055503422660211375,0.04693904581954797,0.05368768096772116,0.04789958061475232,0.05204346509574842,0.04693904581954797,0.03191181179415958,0.03145140109862226,,0.0416887438699933,0.024822601871632384,0.03930139713288143,0.03296876565320261,0.026436341014468533,0.027757322927055753,0.0387710177594482,0.03100359838247847,0.025143111895442504,0.02908655586486283,0.029086555864862845,0.025806000854828703,,0.03216323401374888,,,,,,,,,,,,,,,,,,,,,,,,,,,,,,,,,,,,,,,,,,,,,,,,,,,,,,,,,,,,,,,,,,,,,,,,,,,,,,,,,,,,,,,,,,,,
899,0.058037512517441575,0.06036169550074313,0.05448224963506255,0.05676517649438474,0.055517283478508685,0.0469507678639548,0.05370108834252854,0.04791154253262329,0.052056461862050034,0.0469507678639548,0.03191978110134131,0.03144703810271749,,0.04169915476136053,0.02481681087691856,0.03931121183436073,0.032976998912491916,0.026431135902168987,0.027752930396051836,0.038780700009778166,0.03084352387879229,0.02513769988715537,0.029082378386869258,0.029082378386869258,0.025812445363503765,,0.0321712661083685,,,,,,,,,,,,,,,,,,,,,,,,,,,,,,,,,,,,,,,,,,,,,,,,,,,,,,,,,,,,,,,,,,,,,,,,,,,,,,,,,,,,,,,,,,,,
900,0.0582197472107133,0.06058547075342459,0.05457193640695072,0.057373096922243176,0.05562001583814202,0.047469452172377094,0.05370951797519911,0.047888122910657645,0.05264557035632119,0.047469452172377094,0.029250733255597103,0.031535373911540765,,0.0422216026216829,0.024899003176822265,0.039685717243296656,0.03038558369220102,0.02645797346555656,0.027852207812281794,0.03925527352346398,0.030929508083874124,0.02521928087030805,0.029115462273140026,0.029115462273140026,0.026082863013898124,,0.032441572064790605,,,,,,,,,,,,,,,,,,,,,,,,,,,,,,,,,,,,,,,,,,,,,,,,,,,,,,,,,,,,,,,,,,,,,,,,,,,,,,,,,,,,,,,,,,,,
