threshold,PTC6,PTC5,UTH1,CDC42,HOG1,KSS1,STE11,BNI1,FUS3,BEM1,RHO1,CDC24,PBS2,CLA4,SHO1,BEM2,STE7,PTP2,RGA1,ACT1,RDI1,PTC1,STE5,RSR1,STE50,PTP3,SSK1,PDA1,PDB1,IRC15,PDX1,MAE1,PGI1,TAL1,TKL1,TPI1,NQM1,TKL2,ZWF1,PGK1,FBA1,GPM1,ENO2,CDC19,ENO1,PYK2,PFK1,ERR3,TDH1,ERR1,TDH3,TDH2,MLS1,AIM22,SLT2,GIC2,SPA2,STE20,KGD2,PKP2,ILV2,PYC2,HSP82,HSC82,AHA1,STI1,SBA1,HSP104,CPR6,FES1,PYC1,LPD1,LSC1,YMR31,KGD1,SIS1,BTN2,HSP78,HSP26,CUR1,YJL144W,MDH1,CIT3,IDH1,IDH2,ACO1,FUM1,CIT1,ICL2,CYT1,QCR2,RIP1,MBF1,MDH3,IDP3,ATP18,ATP15,ATP6,ATP2,ATP16,MDH2,CIT2,IDP1,TOM40,TOM22,TOM70,PTC7,ACS1,TIM8,TOM7,TIM54,TOM20,TIM22
800,0.2521576383983606,0.21550324179448024,0.11619725715721459,0.026513927209734226,0.02547930670133953,0.023079576360289313,0.022692108461557933,0.021910238456969384,0.0215008160730896,0.02144002268317038,0.02040988611630227,0.01989920198042483,0.019491684579988042,0.01928757916176225,0.01703517036436664,0.016654200227743266,0.01659873023574698,0.016508736065417324,0.016385798081985623,0.015680556482034345,0.015656680572356467,0.015168888868787218,0.01508898813656892,0.014891647557082553,0.014768118273227387,,,,,,,,,,,,,,,,,,,,,,,,,,,,,,,,,,,,,,,,,,,,,,,,,,,,,,,,,,,,,,,,,,,,,,,,,,,,,,,,,,,,,,,,
801,0.25163622778935296,0.21505762500785056,0.1159569849092502,0.02517791701931991,0.027337712367189522,0.022485913106350095,0.023070570744435533,0.02172672238758222,0.021593892020660182,0.020468883404068883,0.020500989742540686,0.019009752772525923,0.021171434852114274,0.018931742346715897,0.017724821679024564,0.016132493818840837,0.016400593723193774,0.017797052887416506,0.015697080243407796,0.015801418070103275,0.014981302710596637,,0.01463817842163706,,0.015805133363248947,0.01555031614150018,0.015345240471073487,,,,,,,,,,,,,,,,,,,,,,,,,,,,,,,,,,,,,,,,,,,,,,,,,,,,,,,,,,,,,,,,,,,,,,,,,,,,,,,,,,,,,,
802,0.25039428970454625,0.21399621879749794,0.11538468497842028,0.025535917286206373,0.027204939283759635,0.022455335849539973,0.02308510778814933,0.022604577141349516,0.02156810457215471,0.0213861620415453,0.020215258780254937,0.01984500129165416,0.021154327841327113,0.01907740936441106,0.017728611613266155,0.015831134753218096,0.016404245111658937,0.017795215065816432,0.015665221898183618,0.015707523794421373,0.015376638244694,,,0.014917561066601186,0.015810191026430248,0.01552911265687152,0.015327210048021936,,,,,,,,,,,,,,,,,,,,,,,,,,,,,,,,,,,,,,,,,,,,,,,,,,,,,,,,,,,,,,,,,,,,,,,,,,,,,,,,,,,,,,
803,,,,,,,,,,,,,,,,,,,,,,,,,,,,0.15849129825978764,0.14791709235207076,0.12747441709741872,0.12747441709741872,0.0900227537663487,0.019301586920600015,0.018780416512247686,0.018664434323796036,0.018636798822696064,0.01837859064267533,0.01837859064267533,0.018354427594541766,0.0182414907253676,0.01772927584384156,0.017617287237071764,0.017585538740109652,0.017100394541011234,0.01709733330683602,0.01672202569883393,0.01655060790746967,0.016410447973684687,0.016150879401295937,0.01603912831965947,0.015451534010911268,0.015429232261630324,,,,,,,,,,,,,,,,,,,,,,,,,,,,,,,,,,,,,,,,,,,,,,,,,,,,,,,,,,,,,
804,,,,,,,,,,,,,,,,,,,,,,,,,,,,0.17887959980453963,0.16469428193839009,0.16469428193839009,0.16469428193839009,,0.017436922116149268,0.01696904740573808,0.01686347753522278,0.01683364269447825,0.016606617252447234,0.016606617252447234,0.01658206930364828,0.01647788489011415,0.016009559975658574,0.015906768149243095,0.015878888380303376,0.015438008640074573,0.015435239386793243,0.01509545626545038,0.01496908260592128,0.014814782962035854,0.013970107340717285,0.013864050365915455,0.013970107340717285,0.013921781894160065,0.013387442623054422,,,,,,,,,,,,,,,,,,,,,,,,,,,,,,,,,,,,,,,,,,,,,,,,,,,,,,,,,,,,
805,,0.06013368161387708,,,,,,,,,,,,,,,,,,,,,,,,,,0.15368129581074796,0.12728167134718027,0.10993669567084567,0.10993669567084567,0.07901813163236518,0.0209753144282802,0.020402649813939366,0.020275340914076134,0.020267654491063172,0.01958691371385012,0.01958691371385012,0.019934595046140608,0.01985136323882058,0.0192746248274851,0.01915197751424624,0.019118383905232267,0.01858697703868645,0.018583717472672612,0.018172859275231663,0.01802014896363907,0.017833595705877683,0.016815730294109613,,0.016815730294109613,0.016757337602827486,,,,,,,,,,,,,,,,,,,,,,,,,,,,,,,,,,,,,,,,,,,,,,,,,,,,,,,,,,,,,
806,,0.07282685198134749,,,,,,,,,,,,,,,,,,,,,,,,,,0.16471918739136107,0.13054248547406033,0.13054248547406033,0.13054248547406033,,0.020648297215856135,0.02008456077212632,0.019959236691212644,0.019951670103954034,0.019281542466873337,0.019281542466873337,0.01962380324728193,0.019541869071695046,0.018974122343808107,0.01885338717270299,0.018820317307369352,0.018297195379423863,0.018293986631918377,0.017889533950012766,0.017739204479984012,0.01755555969477641,0.016553563390034953,0.016427467354786958,0.016553563390034953,0.016496081074384827,,,,,,,,,,,,,,,,,,,,,,,,,,,,,,,,,,,,,,,,,,,,,,,,,,,,,,,,,,,,,
807,,0.060073854801535626,,,,,,,,,,,,,,,,,,,,,,,,,,0.15352839876872257,0.12715503920921994,0.10982731999510423,0.10982731999510426,0.07893951673958184,0.021012411679169965,0.02043873424173431,0.020311200181470514,0.020303500164136307,0.019621555418730553,0.019621555418730553,0.01996985166536036,0.01988647265303663,0.019308714213628803,0.01918584998454033,0.019152196961373297,0.01861985024079477,0.018616584909864335,0.01820500006254728,0.018052019665242176,0.01786513646663384,0.016845470843065296,,0.0168454708430653,0.016786974877606945,,,,,,,,,,,,,,,,,,,,,,,,,,,,,,,,,,,,,,,,,,,,,,,,,,,,,,,,,,,,,
808,,0.060530958330287016,,,,,,,,,,,,,,,,,,,,,,,,,,0.15469660036112215,0.12812256522054508,0.11066299893877989,0.11066299893877989,0.07954016958230023,0.02069400021052493,0.020138730232758535,0.02001344075172993,0.01997803300049174,0.01970860101508227,0.01970860101508227,0.01967946770507322,0.019555822473348985,0.019000018197010447,0.018878025676580937,0.018844938188980493,0.01832170562670041,0.01831841909897463,0.017915167198337325,0.01776518794629502,0.017582066358564137,0.016579612062504467,,0.016579612062504467,0.01652225980764163,,,,,,,,,,,,,,,,,,,,,,,,,,,,,,,,,,,,,,,,,,,,,,,,,,,,,,,,,,,,,
809,,0.047409648866571355,,,,,,,,,,,,,,,,,,,,,,,,,,0.14544195280439567,0.12673163416975514,0.09481866989171794,0.11352872846592534,0.06690950690715831,0.019013164120734883,0.018492347667855964,0.01837618355867348,0.018119393318602812,0.017584538663040626,0.017584538663040626,0.01806602761300889,0.01800596008536982,0.0174701816789013,0.017092453030011733,0.017328290214279996,0.016869290790214278,0.016841511135382504,0.016492290053791915,0.016328691611743645,0.01615945432214302,0.01525843623798139,,0.01525843623798139,,,0.09481866989171794,,,,,,,,,,,,,,,,,,,,,,,,,,,,,,,,,,,,,,,,,,,,,,,,,,,,,,,,,,,
810,,0.04690733409766717,,,,,,,,,,,,,,,,,,,,,,,,,,0.14390096605046454,0.12538888700640888,0.0938140470060158,0.1123258687450309,0.0662005872188022,0.01959239595591478,0.018712400353563325,0.018608084404924494,0.01837495291397587,0.017800509190225883,0.017800509190225883,0.018285597614392992,0.018261533885583953,0.01801494285579816,0.01762463089238725,0.017870250855192574,0.017395172833820697,0.01736627125143643,0.017003100211769255,0.016833071131650033,0.016656521334129815,0.01572415899730167,,0.01572415899730167,,,0.0938140470060158,,,,,,,,,,,,,,,,,,,,,,,,,,,,,,,,,,,,,,,,,,,,,,,,,,,,,,,,,,,
811,,0.047440554863693134,,,,,,,,,,,,,,,,,,,,,,,,,,0.14553676533058438,0.12681424957852797,0.09488048147667635,0.11360273699876813,0.0669531247165564,0.019114452947734454,0.018256461603889555,0.018153992850835226,0.017921424776974438,0.017363953700903403,0.017363953700903406,0.01783109394470576,0.01781325093697659,0.017569192454467027,0.017184982363246726,0.017427212765061123,0.016961170948276625,0.016932654471383063,0.01657779710168396,0.016471173191758358,0.016240211947729444,0.015354312925994078,,0.015354312925994078,,,0.09488048147667635,,,,,,,,,,,,,,,,,,,,,,,,,,,,,,,,,,,,,,,,,,,,,,,,,,,,,,,,,,,
812,,0.04426047153730371,,,,,,,,,,,,,,,,,,,,,,,,,,0.1357809974620546,0.11831350835001635,0.08852035693743544,0.10598760326350765,0.06246505504341393,0.021981689154051208,0.02103409727441826,0.020915616257944695,0.020600256567650535,0.020005848281089974,0.020005848281089974,0.020544502520827106,0.020480545958280395,0.020199308082227512,0.019899017753809776,0.020035123947274785,0.01948799650496673,0.01946548147814392,0.01854465630838996,0.01893239251066017,0.018667083516672508,0.0176760930356676,,0.0176760930356676,,,0.08852035693743544,,,,,,,,,,,,,,,,,,,,,,,,,,,,,,,,,,,,,,,,,,,,,,,,,,,,,,,,,,,
813,,0.044312103450587025,,,,,,,,,,,,,,,,,,,,,,,,,,0.13593939235580474,0.1184515265995107,0.08862362008024563,0.10611124276735243,0.0625379234560905,0.021935332522620764,0.0209897389956714,0.02087150784083374,0.02055681320465934,0.019963658450785286,0.019963658450785286,0.020501176736143073,0.020437355049982644,0.020156710269413597,0.019857053215717343,0.019992872378253944,0.019446898759249043,0.019424431213800053,0.018505547949088375,0.018892466464232954,0.018627716973710347,0.01763881636760801,,0.01763881636760801,,,0.08862362008024563,,,,,,,,,,,,,,,,,,,,,,,,,,,,,,,,,,,,,,,,,,,,,,,,,,,,,,,,,,,
814,,0.05908812610980456,,,,,,,,,,,,,,,,,,,,,,,,,,0.15100921054346506,0.12506860125945293,0.10802520590049923,0.10802520590049923,0.07764422868425964,0.021872818426786504,0.020929919772335794,0.02081202556765544,0.02049822778821316,0.01990676348207178,0.01990676348207178,0.020442749879569247,0.020379110080553712,0.020099265117114858,0.019800462064138803,0.019935894151980542,0.019391476517919393,0.019369073003334212,0.018452808488824364,0.01883862431445598,0.018574629340647703,0.017588547029057048,,0.017588547029057048,0.01675171606623199,,,,,,,,,,,,,,,,,,,,,,,,,,,,,,,,,,,,,,,,,,,,,,,,,,,,,,,,,,,,,
815,,0.060012262115661054,,,,,,,,,,,,,,,,,,,,,,,,,,0.1533709887528441,0.1270246693434396,0.10971471594059079,0.10971471594059079,0.07885858141632526,0.021284058291904138,0.020369060533558168,0.02025441818571391,0.019941881012263827,0.01947093182606266,0.01947093182606266,0.01989568872446146,0.019822734589756263,0.019553824922701274,0.019263021090989315,0.019394599997453955,0.018865094680949945,0.01884330910927163,0.01795288469937201,0.01832781695607908,0.01807125932659613,0.017112086353719847,,0.017112086353719844,0.016298378009912292,,,,,,,,,,,,,,,,,,,,,,,,,,,,,,,,,,,,,,,,,,,,,,,,,,,,,,,,,,,,,
816,,0.05988661970000866,,,,,,,,,,,,,,,,,,,,,,,,,,0.15304988935017932,0.12675872892158055,0.10948501585168524,0.10948501585168524,0.07869348211303669,0.021352672892223784,0.020437527283790214,0.02032260262237021,0.02000106662713227,0.019645080235071125,0.019645080235071125,0.019963390759179436,0.019877935838087096,0.019611946017820646,0.0193201562240416,0.01945192839910288,0.018921003170907155,0.01889916395541461,0.018007177315304,0.018382764092339618,0.018125747747867706,0.017163890652152708,,0.017163890652152708,0.01634822349179548,,,,,,,,,,,,,,,,,,,,,,,,,,,,,,,,,,,,,,,,,,,,,,,,,,,,,,,,,,,,,
817,0.24566521377534822,0.20995457564162262,0.11320547020090517,0.027341936207050378,0.02601365114128739,0.023263750858346918,0.02274743885096636,0.02412597855024291,0.02249386056433539,0.024258687746457952,0.020993765216294775,0.023217307235925345,0.020319031742988557,0.021668573204234286,0.016554345866256814,0.015829479131001512,0.016249461807606693,0.016694775129430024,0.0156705880878695,0.015671432144724676,0.01667715172779653,,,0.01637245029949573,0.015269053340340693,,,,,,,,,,,,,,,,,,,,,,,,,,,,,,0.014915622230225046,0.01482639929924651,,,,,,,,,,,,,,,,,,,,,,,,,,,,,,,,,,,,,,,,,,,,,,,,,,,,,,,,,
818,0.2455319093635882,0.20984064876214262,0.11314404193281122,0.027369646527798767,0.02610036352171958,0.02335637352784878,0.02184536733548443,0.024570843714867487,0.02257775840072649,0.0245582858709216,0.021347304020309515,0.02298116590226223,0.020323007432183432,0.02196998204333714,0.016529297321418293,0.01612768589293806,0.016371542411454637,0.015306304332922993,0.01584883544733047,0.015632893203748745,0.016955819313511877,,,0.016131282598904062,0.01534022478007153,,,,,,,,,,,,,,,,,,,,,,,,,,,,,,,0.015112978848025198,0.015126437493672684,,,,,,,,,,,,,,,,,,,,,,,,,,,,,,,,,,,,,,,,,,,,,,,,,,,,,,,,
819,0.24474182286733,0.20916541162745506,0.11277996062095694,0.027043023216284847,0.026226853407126893,0.023488307605086217,0.021994730048391337,0.02449594966270239,0.022701033086859803,0.02461599462885496,0.02214652035969217,0.023068259802319253,0.02043286077714661,0.021977820072388826,0.0166259326282495,0.016284551608846762,0.016458501801282242,0.015384439455495998,0.015943477383851677,0.015798386935288875,0.017081390831640595,,,0.01616739534542425,0.015448979960333436,,,,,,,,,,,,,,,,,,,,,,,,,,,,,,,0.015104921522449681,,0.014823474744541727,,,,,,,,,,,,,,,,,,,,,,,,,,,,,,,,,,,,,,,,,,,,,,,,,,,,,,,
820,,,,,,,,,,,,,,,,,,,,,,,,,,,,0.11564298415886855,0.10709228127761027,0.08520937939550846,0.09953002354653034,0.04499613688809305,0.021842450234789083,0.020915372452953322,0.020798113293110328,0.020446586330581436,0.02048886351093912,0.02048886351093912,0.0204323945447204,0.020303120580551736,0.020049317455769832,0.01975060313143471,0.019884638584922083,0.01934239388652867,0.019320093276188867,0.018411915700313187,0.018794310505618916,0.018532585293923834,0.017549832554032103,,,,,0.08520937939550846,,,,,0.09953002354653034,0.025438336944033774,,,,,,,,,,,,,,,,,,,,,,,,,,,,,,,,,,,,,,,,,,,,,,,,,,,,,
821,,,,,,,,,,,,,,,,,,,,,,,,,,,,0.10469656398535486,0.09852956746036276,0.06269718541219987,0.07227382465888849,0.057297463038126814,0.022032181630240278,0.02144172574659845,0.021308246965594066,0.020948360014002035,0.02125126831238149,0.02117761295305143,0.020687910155336924,0.020752506540603878,,,,,,,,,,,,,,0.06269718541219987,,,,,0.07227382465888849,,0.057297463038126814,0.057297463038126814,0.026677190049882678,0.02592408476930299,0.02338060075457835,0.022513404034367718,0.022365871308616312,0.02223501094757173,0.021308685353377026,0.0209347997622199,,,,,,,,,,,,,,,,,,,,,,,,,,,,,,,,,,,,,,,,,,,
822,,,,,,,,,,,,,,,,,,,,,,,,,,,,0.11254878674797787,0.1049750539984416,0.07592130713142611,0.08818979827603433,0.05193604627559064,0.022168713330934477,0.02162116778540245,0.021486085957255808,0.021072891780267264,0.02159498080077475,0.021519561054935278,0.020860021809674743,0.020864148677752523,0.020316747025546887,0.020049566459521363,0.02014640009113645,0.019140705068035675,0.01957450917003829,0.018701747974674172,0.019045943878820863,0.01878462297300901,,,,,,0.07592130713142611,,,,,0.08818979827603433,0.023434042049698366,,0.05193604627559065,,,,,,,,,,,,,,,,,,,,,,,,,,,,,,,,,,,,,,,,,,,,,,,,,,,
823,,,,,,,,,,,,,,,,,,,,,,,,,,,,0.10837173486420736,0.10198825782470851,0.06489804913916195,0.07481085782959304,0.0593087799292839,0.022427359000345357,0.02185301889666338,0.02171593040700995,0.021314512012410296,0.02183122805793449,0.021754337874114144,0.02108008790796731,0.02110511467449149,0.020559215854431136,0.020287151255507667,0.020385831879073387,0.019362158054185792,0.01980475171275667,0.018916468594559643,,0.019002886184079557,,,,,,0.06489804913916195,,,,,0.07481085782959304,0.02089580122019226,,0.05930877992928388,,,,,,,,,0.05930877992928388,,,,,,,,,,,,,,,,,,,,,,,,,,,,,,,,,,,,,,,,,,
824,0.02496079267712849,0.024403413164777687,,,,,,,,,,,,,,,,,,,,,,,,,,0.10219939355881048,0.0919690968373245,0.05470095579364111,0.07278446549535611,0.046112078925095966,0.02345563499160714,0.022860925103087626,0.022709876698811516,0.02223204377291576,0.022873879662978044,0.02278869161404927,0.022655477799141056,0.0220584921146053,0.02143162518837422,0.021744720543270712,0.021280031495298734,0.02009272823979252,0.021280031495298734,,,,,,,,,0.06519851074154348,,,,,0.07278446549535611,,,0.046112078925095966,,,,,,,,,0.046112078925095966,0.06519851074154348,,,,,,,,,,,,,,,,,,,,,,,,,,,,,,,,,,,,,,,,,
825,0.02507827390392135,0.02451827101218724,,,,,,,,,,,,,,,,,,,,,,,,,,0.10268040833618881,0.09240196138867268,0.05495841297765383,0.07312703507671768,0.04632911143973454,0.023151972174818725,0.02256883434172531,0.022419892008936928,0.02194290936815961,0.022767414018837716,0.022682719149759816,0.02236572966427606,0.021758093338365474,0.021153120895889447,0.02146166876021528,0.021002937436257935,0.01983228724065279,0.021002937436257935,,,,,,,,,0.06550537603729198,,,,,0.0731270350767177,,,0.04632911143973454,,,,,,,,,0.04632911143973454,0.06550537603729197,,,,,,,,,,,,,,,,,,,,,,,,,,,,,,,,,,,,,,,,,
826,0.02092265158511652,0.023286488232410585,,,,,,,,,,,,,,,,,,,,,,,,,,0.10285122614936736,0.09386885621130699,0.05577773757150978,0.07428147556799633,0.046946370120852184,0.02298630609226525,0.022444153332612796,0.022301676782974015,0.021833027915383992,0.02260879954171347,0.02252813373266819,0.021645986749590642,0.021610250745048874,0.021086207744093106,0.0207703520939827,0.020905711415845834,0.01981509470011391,0.020306949653891442,,,,,,,,,0.0665241641257777,,,,,0.07428147556799632,,,0.046946370120852184,,,,,,,,,0.046946370120852184,0.0665241641257777,,,,,,,,,,,,,,,,,,,,,,,,,,,,,,,,,,,,,,,,,
827,0.021787392371824546,0.024248927246024243,,,,,,,,,,,,,,,,,,,,,,,,,,0.10710210466982963,0.09774849012086792,0.05808305171738466,0.07735155592369057,0.04888668064345678,0.020709400719100254,0.019783394673650916,0.01966921632095075,0.01928594389759141,0.019632181130375063,0.01974965465820207,0.019683077210217045,0.019106223864550066,0.0189623263007316,0.019210411034424568,0.018796183650437417,0.017735419019641256,0.018796183650437417,,,,,,,,,0.0692736319830038,,,,,0.07735155592369057,,,0.04888668064345678,,,,,,,,,0.04888668064345678,0.0692736319830038,,,,,,,,,,,,,,,,,,,,,,,,,,,,,,,,,,,,,,,,,
828,0.021125971143756472,0.023512778790776328,,,,,,,,,,,,,,,,,,,,,,,,,,0.10385070108786618,0.0947810433849679,0.056319767578501885,0.07500331891400666,0.04740257975632253,0.022421034997257443,0.02183999972881109,0.021702824481806337,0.02144187842534887,0.021827763169309206,0.021923966608233952,0.021108498518155275,0.021039925899498713,0.020564581267112064,0.020423064142097738,0.020420962166706313,0.019303644776156245,0.01983596787855995,,,,,,,,,0.06717062442904854,,,,,0.07500331891400666,,,0.04740257975632253,,,,,,,,,0.04740257975632253,0.06717062442904854,,,,,,,,,,,,,,,,,,,,,,,,,,,,,,,,,,,,,,,,,
829,0.021153817671749144,0.02353565938683524,,,,,,,,,,,,,,,,,,,,,,,,,,0.10476003303419121,0.09333236845351423,0.05554978601254268,0.07386809579983229,0.04687982227821324,0.022970712032961277,0.02237357446290968,0.0222334993722189,0.02214385522963044,0.022358366891369878,0.022456686183030525,0.021625875670907013,0.021557544959440806,0.021072779132059363,0.021120488124864393,0.02092607639841635,0.019764821457823777,0.02032809928514276,,,,,,,,,0.06618014890304405,,,,,0.07386809579983229,,,0.04687982227821324,,,,,,,,,0.04687982227821324,0.06618014890304405,,,,,,,,,,,,,,,,,,,,,,,,,,,,,,,,,,,,,,,,,
830,0.024020035306670722,0.026841106651502546,,,,,,,,,,,,,,,,,,,,,,,,,,0.10808368124323245,0.09432695628063993,0.0657634642154365,0.08917830488931211,0.0349590105306525,0.02216014282887866,0.021566411843393748,0.021432752899051947,0.021357373443043556,0.021602866835503182,0.021479839897533118,0.020890809118240438,0.020753040314625392,0.02035493181142218,0.0203710898170923,0.020180622387512337,0.019056460616390446,0.019602125221002797,0.018613334831850764,,,,,,,,0.07949289989938316,,,,,0.08917830488931211,0.019241534328933916,,,,,,,,,,,,0.07949289989938316,,,,,,,,,,,,,,,,,,,,,,,,,,,,,,,,,,,,,,,,,
831,0.024048741668403404,0.026873184477659174,,,,,,,,,,,,,,,,,,,,,,,,,,0.10821285212960105,0.0944396864949616,0.06584205817953605,0.08928488194659683,0.035000790069662197,0.022095121221351596,0.0215031323430098,0.02136986557661959,0.021294707296685825,0.021539480370005897,0.02141681441388228,0.020829511950532696,0.020692147383891548,0.020295206998378206,0.020311317593726494,0.02012140902780317,0.01900054573747372,0.019544609269835023,0.018558720158942187,,,,,,,,0.07958790192209285,,,,,0.08928488194659683,0.019264529900659185,,,,,,,,,,,,0.07958790192209285,,,,,,,,,,,,,,,,,,,,,,,,,,,,,,,,,,,,,,,,,
832,0.022619208098557813,0.025230956128792517,,,,,,,,,,,,,,,,,,,,,,,,,,0.10590874095015952,0.09333392591943852,0.060828737937230995,0.08181225288021533,0.04012636833267855,0.023125408980899244,0.022505945980188142,0.02236647216751933,0.02228752440787997,0.022551381815280633,0.022422944815101042,0.021800950189522154,0.02165640703407936,0.021241450667845753,0.021258279518124187,0.0210595293856905,0.019886460155331815,0.020455846809218314,0.01942406696215435,,,,,,,,0.07307925982559907,,,,,0.08181225288021532,,,0.04012636833267855,,,,,,,,,,0.07307925982559907,,,,,,,,,,,,,,,,,,,,,,,,,,,,,,,,,,,,,,,,,
833,0.022323171646359198,0.024900737550608832,,,,,,,,,,,,,,,,,,,,,,,,,,0.10452262487610887,0.09211238694342457,0.06003262148203973,0.08074150765414444,0.03960120106470605,0.023990823599403185,0.02288233380234139,0.022772504235345208,0.02231359207674166,0.02305752068897761,0.022916125821070266,0.02284266381621752,0.022051983867394664,0.021980302712301,0.02223078165344055,0.021822007927685738,0.020502280795427125,0.021822007927685745,0.019992490005028285,,,,,,,,0.07212281056734893,,,,,0.08074150765414444,,,0.03960120106470605,,,,,,,,,,0.07212281056734893,,,,,,,,,,,,,,,,,,,,,,,,,,,,,,,,,,,,,,,,,
834,0.02372616453877244,0.026513016166176896,,,,,,,,,,,,,,,,,,,,,,,,,,0.10673453965629656,0.09322764155672354,0.06499399335477105,0.08813949755547588,0.034542629119317644,0.022851269053740155,0.022259264376165114,0.022139712398841667,0.021677268763666768,0.02234377076177372,0.022214148107367864,0.02157771012497845,0.021385563570058125,0.021003510404261995,0.020618287529121933,0.020820554445947128,0.019651555442113045,0.020218278049640135,0.019191668225763788,0.018898700541146674,,,,,,,0.07856587935120175,,,,,0.08813949755547588,,,,,,,,,,,,,0.07856587935120175,,,,,,,,,,,,,,,,,,,,,,,,,,,,,,,,,,,,,,,,,
835,0.02365881144360302,0.026437751843612207,,,,,,,,,,,,,,,,,,,,,,,,,,0.10643154497733834,0.09296298983840938,0.06480949043552714,0.08788928990150224,0.034444570582183524,0.02282141480841269,0.022206302295613014,0.022088930768422846,0.022059028579470927,0.0222548424449339,0.022127994129685646,0.021530892746293776,0.02176437812991774,0.021393155560932766,0.02101195620497295,0.02121357516217044,0.020057975827701927,0.020224185850787318,0.019185948806986593,0.018849981788617073,,,,,,,0.07834284898570112,,,,,0.08788928990150224,,,,,,,,,,,,,0.07834284898570112,,,,,,,,,,,,,,,,,,,,,,,,,,,,,,,,,,,,,,,,,
836,0.02354197110953706,0.026307187560418013,,,,,,,,,,,,,,,,,,,,,,,,,,0.10590592697239536,0.09250388702953065,0.06448942522298752,0.0874552438372107,0.03427446418680629,0.023475752777084836,0.02170467931234684,0.022334739414508416,0.021896371807402906,0.022583464656280368,0.022449475149780875,0.021772994136166568,0.021596424135033217,0.021586657722908596,0.021187339914640915,0.021400692984978077,0.02023378560116009,0.02077617559988115,0.019753404023227842,0.019402795924688767,,,,,,,0.07795594854190713,,,,,0.0874552438372107,,,,,,,,,,,,,0.07795594854190713,,,,,,,,,,,,,,,,,,,,,,,,,,,,,,,,,,,,,,,,,
837,0.022859886734601136,0.026228051217867202,,,,,,,,,,,,,,,,,,,,,,,,,,0.10606457207732164,0.0927634425598117,0.06466566538592788,0.08770140327759904,0.03435679191859255,0.023197733444153032,0.021845181676971467,0.022439878459605336,0.02242571941908415,0.02243754484044151,0.02230757673899419,0.02104679769387503,0.02213391291587648,0.021742643987454503,0.021351236832709973,0.021561237613112526,0.02042586635516452,0.020543682571405587,0.019524588044262277,,,,,,,,0.07817376803004968,,,,,0.08770140327759904,0.018327646897469855,,,,,,,,,,,,0.07817376803004968,,,,,,,,,,,,,,,,,,,,,,,,,,,,,,,,,,,,,,,,,
838,0.02285168090341495,0.02621863634354455,,,,,,,,,,,,,,,,,,,,,,,,,,0.10602649892396764,0.09273014400681655,0.06464245286786688,0.08766992180446477,0.03434445913506409,0.023589229348884678,0.02080256705965394,0.02240538578833635,0.022433362958526312,0.022492715182477512,0.02235860037192243,0.02104372091838754,0.021181634020382797,0.0221225712642751,0.021768808289422095,0.021356989958636795,0.020763229568431282,0.020937478259460036,0.019831848352362423,0.0184667296369613,,,,,,,0.07814570661613761,,,,,0.08766992180446477,,,,,,,,,,,,,0.07814570661613761,,,,,,,,,,,,,,,,,,,,,,,,,,,,,,,,,,,,,,,,,
839,,0.02269211283098995,,,,,,,,,,,,,,,,,,,,,,,,,,0.10174104540579729,0.09084844983309746,0.05375016760509717,0.0714292374635558,0.04601681899889518,0.024865532863474073,0.021928097235228455,0.02361763703251433,0.023647127917294692,0.023709691414107212,0.023568320274761627,0.02218229880793807,0.022327673746612306,0.02331952072959045,0.022946617285099436,0.02251251737931311,0.021886631375267692,0.022070307852744372,0.020904857452344786,,,,,,,,0.06400608580737466,,,,,0.0714292374635558,,,0.04601681899889518,,,,,,,,,0.04857710841907619,0.06400608580737466,,,,,,,,,,,,,,,,,,,,,,,,,,,,,,,,,,,,,,,,,
840,0.022853773625843076,0.026221037406667348,,,,,,,,,,,,,,,,,,,,,,,,,,0.10603620867062531,0.09273863609337013,0.06464837272608202,0.08767795048351064,0.03434760434876709,0.023459777188026,0.020625794470852776,0.022260260642901857,0.02226620951512772,0.02237868383202389,0.022239958648223805,0.021488339689632367,0.021045653293543343,0.02197389951401065,0.022183671649623232,0.021785939846819792,0.020540517514282985,0.021349513723648555,0.019571774685026765,,,,,,,,0.07815286308193933,,,,,0.08767795048351067,0.018322745784001348,,,,,,,,,,,,0.07815286308193933,,,,,,,,,,,,,,,,,,,,,,,,,,,,,,,,,,,,,,,,,
841,0.018351579468172757,0.020805211805728793,,,,,,,,,,,,,,,,,,,,,,,,,,0.09810234049320866,0.08838908560650803,0.054416605812187456,0.08304961642002862,0.03993634082203781,0.023194338424256007,0.02039242118080672,0.022008393968342577,0.022014275531263807,0.022125477242568126,0.021988321683278824,0.021245207017187503,0.020807529455102912,0.021725272910464645,0.02193267155139719,0.02153943993788379,0.02030810910168433,0.021107951816027867,0.0193503272417906,,,,,,,,0.06611108992344962,,,,,0.08304961642002862,,,,,,,,,,,,,0.07577415425337498,0.07227462191321973,,,,,,,,,,,,,,,,,,,,,,,,,,,,,,,,,,,,,,,,
842,0.018412977486402003,0.02087481882652648,,,,,,,,,,,,,,,,,,,,,,,,,,0.09843055689007957,0.08868480482232523,0.05459866489660711,0.0833274716243576,0.04006995396340547,0.023023520141291744,0.020289218230967267,0.02189429578543445,0.021847338262058806,0.022017986411711925,0.021880786930256857,0.021136733967176576,0.02064286379233566,0.021094923346822173,0.02181113455943979,0.02137297694119193,0.020197648938672964,0.02094342747548728,0.019244054379099783,,,,,,,,0.0663322746945651,,,,,0.0833274716243576,,,,,,,,,,,,,0.0760276682853537,0.072516427724073,,,,,,,,,,,,,,,,,,,,,,,,,,,,,,,,,,,,,,,,
843,0.018431362644172763,0.020895662106101724,,,,,,,,,,,,,,,,,,,,,,,,,,0.09852883873065774,0.08877335563545316,0.05465318106972135,0.08341067319855078,0.04010996337665916,0.02294231518052578,0.020222448479093564,0.021820050109591562,0.02176822773659734,0.022120984588795082,0.021983359234965586,0.021065911932640447,0.020554464412112693,0.02101963540108695,0.02173211110821435,0.02129539199080398,0.020125443910000214,0.02086812425936209,0.019176899273080354,,,,,,,,0.06639850674945429,,,,,0.08341067319855078,,,,,,,,,,,,,0.07610358108530155,0.07258883458850673,,,,,,,,,,,,,,,,,,,,,,,,,,,,,,,,,,,,,,,,
844,,,,,,,,,,,,,,,,,,,,,,,,,,,,0.09492382875919125,0.08616369024364107,0.05024966385277431,0.07638417881535445,0.0420377458488584,0.024308246208959064,0.021428699285685995,0.023121548277544274,0.023007374256840678,0.023448481511490153,0.0233019537756456,0.02232166055191366,0.021720407414550464,0.02221190900991983,0.02256590324817977,0.022504693740968255,0.021262348839225773,0.022103588765900014,0.020311585436729715,,,,,,,,0.061112201621101724,,,,,0.07933101620608615,,,0.03328950541974576,,,,,,,,,,0.07280727944094606,0.06738409927626551,0.02269839019248214,,,,,,,,,,,,,,,,,,,,,,,,,,,,,,,,,,,,,,,
845,,,,,,,,,,,,,,,,,,,,,,,,,,,,0.09522124570506314,0.08643365977534134,0.05040710694951344,0.07662350701643059,0.04216945922520592,0.02410563918716182,0.021212206777341973,0.022935322399760587,0.02279995797231594,0.023589884473118834,0.02343149204252951,0.022095162113182496,0.021512915489206454,0.022012969154140558,0.022362889440512942,0.022300877749899972,0.02107171113911745,0.021904557348854426,0.020132232598397533,,,,,,,,0.061303679404912624,,,,,0.07957957748791966,,,0.03339380866120733,,,,,,,,,,0.07303540044040029,0.06759522827589654,0.022769509172568616,,,,,,,,,,,,,,,,,,,,,,,,,,,,,,,,,,,,,,,
846,,,,,,,,,,,,,,,,,,,,,,,,,,,,0.09387503508164118,0.08577016017123272,0.04654354328278895,0.06998546264315321,0.046400075118480336,0.024809820434895512,0.021831864199394865,0.023605315998322347,0.023465997264141558,0.02427899933761998,0.024115979899277887,0.02274061269447326,0.022141357305412137,0.022656018689767122,0.023016160953742003,0.022952337758802982,0.021687264359947635,0.022544439925923178,0.020720341486974724,,,,,,,,0.05617256639497757,,,,,0.07252369577217739,,,0.03846271968749377,,,,,,,,,0.04017576006799986,0.06664815495498833,0.06287631651637146,,,,,,,,,,,,,,,,,,,,,,,,,,,,,,,,,,,,,,,,
847,,,,,,,,,,,,,,,,,,,,,,,,,,,,0.09399867042081812,0.08588312122456078,0.04660484208023025,0.07007763492733736,0.04646118496541802,0.02474056642359119,0.021770922840547602,0.023539424234805574,0.023400494394257332,0.024211227057727935,0.024048662671047966,0.022677134659525658,0.022079552029023872,0.02259277679011013,0.022951913754732437,0.022888268715547316,0.021626726636384305,0.022481509486681327,0.0206625028271854,,,,,,,,0.05624654681258958,,,,,0.07261921096125147,,,0.03851337587515959,,,,,,,,,0.04022867236484618,0.06673593193676212,0.06295912590985864,,,,,,,,,,,,,,,,,,,,,,,,,,,,,,,,,,,,,,,,
848,0.020709945866608962,0.023650794023979436,,,,,,,,,,,,,,,,,,,,,,,,,,0.10148328888285,0.08985813973914106,0.05845466312982779,0.0790809890165977,0.03794760949296992,0.0245584881900951,0.021610699703190208,0.023366185808942303,0.023228278422751568,0.02403304449804165,0.023871676504194785,0.022510242255008094,0.021917057534718502,0.02242650521745153,0.022782999113076075,0.022719822469646617,0.021467564711194872,0.022316056785899287,,,,,,,,,0.07078045280997601,,,,,0.08277655117105844,,,0.03794760949296992,,,,,,,,,,0.07447601496443677,,0.026025320195373385,,,,,,,,,,,,,,,,,,,,,,,,,,,,,,,,,,,,,,,
849,,0.021861456929316427,,,,,,,,,,,,,,,,,,,,,,,,,,0.09935443350410254,0.0889380632262859,0.052688298833704204,0.07040780223594326,0.044310030807016475,0.02536072241118788,0.022322479474294055,0.024129785073894676,0.02399214978654708,0.024821326201141955,0.024654377575367887,0.02324566165717478,0.022631181503308402,0.02315747759476985,0.023392073591894477,0.023460051555593355,0.02217922056768178,0.023042427830807677,,,,,,,,,0.0631940809612127,,,,,0.07344122362142753,,,0.044310030807016475,,,,,,,,,0.04672225304236022,0.066227502346697,,0.022155888861253296,,,,,,,,,,,,,,,,,,,,,,,,,,,,,,,,,,,,,,,
850,,0.022012737139331478,,,,,,,,,,,,,,,,,,,,,,,,,,0.10004196131229136,0.08955351026289954,0.05305289927816085,0.07089502077510054,0.0446166540475412,0.025018939214497278,0.022010976719410685,0.023799945191800457,0.0236294212882995,0.02499685162341117,0.02482373452164567,0.023016546655761097,0.022272574161694637,0.02281577447913955,0.023195533663301248,0.022294162393661453,0.02183415542934508,0.021880564920602575,,,,,,,,,0.06363138090286026,,,,,0.0739494332878342,,,0.0446166540475412,,,,,,,,,0.0470455687424747,0.06668579341559393,,0.022309206525800433,,,,,,,,,,,,,,,,,,,,,,,,,,,,,,,,,,,,,,,
851,,0.02203700559695841,,,,,,,,,,,,,,,,,,,,,,,,,,0.10015225491565628,0.08965224062775155,0.05311138868953974,0.07097318065121003,0.044665842722777474,0.0249576973504199,0.021956387176894094,0.02374124183562924,0.023572792532394794,0.024910718640675802,0.024749696858544605,0.022959528627583995,0.02221967930539966,0.02276100913825475,0.023139892118719623,0.02224074664639719,0.021781751794894184,0.021828058870829805,,,,,,,,,0.06370153280906844,,,,,0.07403096057255676,,,0.04466584272277747,,,,,,,,,0.047097435231604826,0.0667593127304152,,0.02233380183304618,,,,,,,,,,,,,,,,,,,,,,,,,,,,,,,,,,,,,,,
852,,0.022051372899171827,,,,,,,,,,,,,,,,,,,,,,,,,,0.10021755043447794,0.08971069053055447,0.05314601532558245,0.0710194525065661,0.04469496317919301,0.024919680627319012,0.021922976703690988,0.02370509838214344,0.02353685967436985,0.024874041651379526,0.02471325567104,0.022924583069137097,0.022185724755828664,0.022726321449643903,0.0231046259339835,0.022206845744726516,0.021748555748736218,0.021794791792701503,,,,,,,,,0.06374306382240415,,,,,0.0740792259858869,,,0.04469496317919301,,,,,,,,,0.04712814099525643,0.06680283730172494,,0.022348362635288492,,,,,,,,,,,,,,,,,,,,,,,,,,,,,,,,,,,,,,,
853,,0.020406055745957975,,,,,,,,,,,,,,,,,,,,,,,,,,0.10189543727257816,0.09362854508732377,0.06078287332517213,0.0824304013304192,0.03915645378388455,0.023128500075945812,0.020438244517741795,0.022095819781891176,0.02183458210481666,0.023182541871809254,0.02303105532507801,0.021371808926968383,0.020568588320427898,0.021169060819349123,0.021429690794906524,0.02008675683340518,0.02017098038589015,0.01970123283143485,0.019239106784634898,,,,,,,,0.07373896710870562,,,,,0.08634296460374305,,,0.03915645378388455,,,,,,,,,,0.07765153038202947,,0.02736234820200191,,,,,,,,,,,,,,,,,,,,,,,,,,,,,,,,,,,,,,,
854,,0.021942273503555525,,,,,,,,,,,,,,,,,,,,,,,,,,0.10001138154773818,0.08957312615586918,0.05297292344084415,0.07101232158042678,0.0444692250592531,0.02497121149312791,0.02207512640101167,0.023858130206265527,0.023580160857614225,0.02502841827360755,0.02486460272827081,0.023148567336463973,0.022205681716685882,0.022853950399885373,0.022978357175882657,0.02168479099050041,0.021790351519673987,0.021267872221455698,,,,,,,,,0.06518313201869184,,,,,0.07405977402262096,,,0.0444692250592531,,,,,,,,,0.046878908514047746,0.0668205741464061,,0.02229991363084772,,,,,,,,,,,,,,,,,,,,,,,,,,,,,,,,,,,,,,,
855,,,,,,,,,,,,,,,,,,,,,,,,,,,,0.09440800438685108,0.08613566675026826,0.046642424590411506,0.0643545486095648,0.03740253961720001,0.02414383182567525,0.021337593459507555,0.023067954249145393,0.022814714579397644,0.024179215672611578,0.024021560614654967,0.022382652511277128,0.021685150448945725,0.022114076777649136,0.022222370700622024,0.020987029417167267,0.02108881386886801,0.02057328305033396,,,,,,,,,0.05756753754988716,,,,,0.07564266869858172,,,0.03740253961720002,,,,,,,,,0.039093960223862224,0.06971779441499434,,0.0312962739503289,0.06971779441499434,,,,,,,,,,,,,,,,,,,,,,,,,,,,,,,,,,,,,,
856,,,,,,,,,,,,,,,,,,,,,,,,,,,,0.0947342309813144,0.08643330830522186,0.04680359735781047,0.06457692557185178,0.037531783987980266,0.02376644055582386,0.02149781829563191,0.02243064642170086,0.022855196564345173,0.02420790434709105,0.024051503044593477,0.022374874194778887,0.02171584580760164,0.021748323880928584,0.021851205553577367,0.020641025588764284,0.02079178886285969,0.02023440740019656,,,,,,,,,0.057766462014486424,,,,,0.07590405172818733,,,0.037531783987980266,,,,,,,,,0.039229049293806495,0.06995870405812483,,0.031404418137217664,0.06995870405812483,,,,,,,,,,,,,,,,,,,,,,,,,,,,,,,,,,,,,,
857,0.016447667057208445,0.018751384839136964,,,,,,,,,,,,,,,,,,,,,,,,,,0.08223120529511044,0.07312144557962395,0.04323590215858644,0.05070660686105361,0.03805824610060037,0.017436109393386762,,0.016459918995727584,0.016448696676646883,0.01781471090537202,0.017697556445922028,,,,,,,,,,,,,,,,0.043664541479832765,,,,,0.05939409780205385,,,0.038058246100600365,,,,,,0.061422069098727924,,,0.04025220277287628,0.05333836030266776,,0.01836130976383506,,0.0545628787450443,0.0545628787450443,0.0545628787450443,0.037803695378632485,0.037803695378632485,0.037803695378632485,,,,,,,,,,,,,,,,,,,,,,,,,,,,,,,,
858,0.016671491509473727,0.01900655892712386,,,,,,,,,,,,,,,,,,,,,,,,,,0.08335023052952657,0.07411650265664156,0.04382426840439997,0.05139663654535051,0.03857615335504656,0.017820651720352448,,,0.01650458710272982,0.017959589586726887,0.017838392410109344,,,,0.016490529165425937,,,,,,,,,,,,0.044258740769382146,,,,,0.06020234929219503,,,0.03857615335504656,,,,,,0.059863487439557495,,,0.04079996600317349,0.05406420362366569,,0.018611175601127912,,0.05317834866764045,0.05317834866764045,0.05317834866764045,0.036844428666674346,0.036844428666674346,0.036844428666674346,,,,,,,,,,,,,,,,,,,,,,,,,,,,,,,,
859,,0.018456713583563388,,,,,,,,,,,,,,,,,,,,,,,,,,0.08093897153640345,0.07197236841208955,0.042556465536479675,0.049909770806660606,0.03746017447764558,0.018291172257361498,,0.016913794750257272,0.01694018197925002,0.018435419230655215,0.018310959165577262,,,,0.016924751795086887,,,,,,,,,,,,0.04297836894525535,,,,,0.058460740958112226,,,0.03746017447764559,,,,,,0.06237928287447148,,,0.039619653911422054,0.052500167191307845,,0.018072768397503963,,0.055413197530219574,0.05541319753021955,0.05541319753021955,0.038392835707530805,0.03839283570753081,0.038392835707530805,,,,,,,,,,,,,,,,,,,,,,,,,,,,,,,,
860,,0.018467047749122698,,,,,,,,,,,,,,,,,,,,,,,,,,0.080984290370023,0.07201266672237641,0.0425802934817139,0.04993771596776462,0.03748114894003727,0.01826190511111187,,0.016886731503701676,0.016913076511294985,0.01840592127922788,0.01828166035889995,,,,0.016897671016498403,,,,,,,,,,,,0.04300243311996004,,,,,0.05849347392398103,,,0.03748114894003727,,,,,,0.062354088670662146,,,0.039641837495789305,0.05252956275066298,,0.0180828875869192,,0.05539081684022168,0.05539081684022167,0.05539081684022168,0.038377329326516774,0.038377329326516774,0.038377329326516774,,,,,,,,,,,,,,,,,,,,,,,,,,,,,,,,
861,,,,,,,,,,,,,,,,,,,,,,,,,,,,0.09470350952743588,0.08641277251934529,0.04391752964007876,0.0519550295932625,0.05166972294808664,0.02503098245385897,0.022129274259482253,0.023136258040068445,0.02364577446955323,0.025121101542325157,0.024954953105832352,0.022103763022762506,0.021413260414581203,0.022923865120392215,0.023189715256606215,0.021750261607717817,0.02189474318000189,0.021317353650975347,0.02086412061508838,,,,,,,,0.04556730487769379,,,,,0.06887432752504564,,,0.05166972294808664,,,,,,,,,0.05400410832949016,0.06329770903331623,,,,,,,,,,0.06845283631891261,,,,,,,,,,,,,,,,,,,,,,,,,,,,,,,
862,,,,,,,,,,,,,,,,,,,,,,,,,,,,0.09219135260987196,0.08412054021102242,0.042752549308957236,0.05057684215706046,0.05029910371147806,0.022785859768930914,,,0.021079305208190156,0.02263585235761975,0.022495198048535968,,,,,,,,,,,,,,,,0.04435856170931015,,,,,0.06704732956902502,,,0.05029910371147806,0.028868721460241196,0.027166006684585204,0.026463587486457434,0.025479715156784644,0.024477913347869435,0.023790971627620578,0.024073811367055144,0.023020297759273528,0.052571565913757425,0.06161863949927824,,,,0.022767154388910162,,0.022422997868301923,,,,0.06663701906838496,,,,,,,,,,,,,,,,,,,,,,,,,,,,,,,
863,,,,,,,,,,,,,,,,,,,,,,,,,,,,0.0909103520731765,0.08295168376074953,0.04215850185158205,0.04987407600694521,0.04960019674216211,0.023272924570911173,,,0.02156578188458914,0.02312544291180899,0.02298084446238182,,,,,,,,,,,,,,,,0.04374219868015355,,,,,0.0661157056940031,,,0.04960019674216211,0.02971159290357883,0.027959164472867976,0.027236236951080295,0.026223638794677942,0.025192587677379558,0.024485589524772502,0.024776687251653395,0.023692414521532753,0.051841083040429524,0.060762447372419606,,,,0.023431880199746645,,0.02307767544393482,,,,0.06571109646530074,,,,,,,,,,,,,,,,,,,,,,,,,,,,,,,
864,,,,,,,,,,,,,,,,,,,,,,,,,,,,0.0952128955345365,0.09073535054235561,0.05338001415117922,0.06277441393954826,0.046710955399990574,0.023355467151181492,,,0.021774641241712578,0.022943518815095352,0.022859280839636374,,,,,,,,,,,,,,,,0.05393753952712039,,,,,0.07372401372516577,,,0.046710955399990574,0.028833175704715386,0.02820008446945566,0.026284187415973766,0.025207139742451066,0.025351716920366318,0.022978724938936105,0.02370634138454723,0.022525062539880628,0.049500756086899064,0.06614226727218275,,0.023154327530679635,,0.022118317294143344,,0.02187885243225636,,,,,,,,,,,,,,,,,,,,,,,,,,,,,,,,,,,
865,,,,,,,,,,,,,,,,,,,,,,,,,,,,0.09980687287095498,0.09501097811365983,0.0557827112469997,0.06512519107882032,0.04983105034903849,0.02180191332594985,,0.020025997895834938,0.020321720006847066,0.021413613117304168,0.02133512617317134,,,,,,,,,,,,,,,,0.0557827112469997,,,,,0.07312745715051465,,,0.04983105034903849,0.027016983856119312,0.026420721546891762,0.024599871320855247,0.023601241505324708,0.023723787906011467,0.02197691944479702,0.022204493809081422,0.02112019749916237,0.05288353161620283,0.06512519107882032,,,,0.021176819864199763,,0.02095384762740011,,,,,,,,,,,,,,,,,,,,,,,,,,,,,,,,,,,
866,,,,,,,,,,,,,,,,,,,,,,,,,,,,0.09984382367736273,0.0950461533692099,0.055803363293345766,0.0651493019266868,0.049849498953243546,0.02200801580031671,,0.020222463085035128,0.020518559678704387,0.021609649935425204,0.021530305525791726,,,,,,,,,,,,,,,,0.055803363293345766,,,,,0.07315453062185517,,,0.049849498953243546,0.026939958780975194,0.026042711559659516,0.024536265689028756,0.023398633096300823,0.02366052726487829,0.021906547012980688,0.02214406315461127,0.020938684943190886,0.05290311031937924,0.06514930192668679,,,,0.021107140240735706,,0.02088452789800645,,,,,,,,,,,,,,,,,,,,,,,,,,,,,,,,,,,
867,,,,,,,,,,,,,,,,,,,,,,,,,,,,0.10031524622333968,0.09549492323755367,0.056066844424465447,0.06545691083679969,0.05008486832158979,0.021493437593555906,,,0.020012008577123194,0.02093836814958453,0.020863247661268593,,,0.019278971820869593,,,,,,,,,,,,,0.056066844424465447,,,,,0.07349993701561412,,,0.05008486832158977,0.02694506790340788,0.026047500608666434,0.02454167770908172,0.02340467251171331,0.023665698219083067,0.02191351362918773,0.022150585417026754,0.02105794179014408,0.05315289761756458,0.06545691083679969,,,,0.02111509871910303,,0.020891958430402358,,,,,,,,,,,,,,,,,,,,,,,,,,,,,,,,,,,
868,,,,,,,,,,,,,,,,,,,,,,,,,,,,0.09988211623527354,0.0950826059027572,0.055824765253345135,0.06517428828362895,0.049868617460079374,0.022306781314836478,,,0.020800171803270276,0.02204014313013724,0.02195268891292059,,,,0.020539332149900794,,,,,,,,,,,,0.055824765253345135,,,,,0.07318258718055955,,,0.049868617460079374,0.026674494904398476,0.0257807283291844,0.02427681244657419,0.023151824633949047,0.023490913386507804,0.021765498369524117,0.021900881589799318,0.02080043346459304,0.05292339996115129,0.06517428828362896,,,,0.020964876984194702,,0.02074836730636099,,,,,,,,,,,,,,,,,,,,,,,,,,,,,,,,,,,
869,,,,,,,,,,,,,,,,,,,,,,,,,,,,0.1004791536263422,0.09565095460324406,0.056158453339462296,0.06556386239867835,0.050166703147355336,0.021793204031389308,,,0.020321281748305105,0.021532704756317064,0.021447264029916077,,,,0.020066447502829397,,,,,,,,,,,,0.056158453339462296,,,,,0.07362003026415444,,,0.050166703147355336,0.026552372917091952,0.025671822337945495,0.024173359810720114,0.023049002228192426,0.0233915313132826,0.021373798901247375,0.021802445993529485,0.020690615225039125,0.053239745367418656,0.06556386239867835,,,,0.020849175249903203,,0.02051705232214001,,,,,,,,,,,,,,,,,,,,,,,,,,,,,,,,,,,
870,,,,,,,,,,,,,,,,,,,,,,,,,,,,0.08425644226445671,0.08020777288828147,0.04709147430773239,0.05497834712434099,0.04206711317505706,,,,,,,,,,,,,,,,,,,,,,0.04709147430773239,,,,,0.06173381846473949,0.014111314602299726,,0.04206711317505706,,,,,,,,,0.04464400196289337,0.05497834712434099,0.04036599310603022,0.015377550846028558,0.042037270872197774,,,,,,,0.04036599310603022,0.042269296273530856,0.042037270872197774,0.042037270872197774,0.04156312098887512,0.04036599310603022,0.04036599310603022,0.011014539945370246,0.009869181982345585,0.00961887949713252,0.00948442602907117,,,,,,,,,,,,,,,,,,,,,
871,,,,,,,,,,,,,,,,,,,,,,,,,,,,0.09865863114736309,0.0939179114126278,0.05514095146967756,0.06437594947348237,0.04925776226280464,0.02215277488039887,,,0.02068848916836454,0.021866108885515403,0.0217788473844235,,,,0.02038938916822325,,,,,,,,,,,,0.05514095146967756,,,,,0.07228615238837702,,,0.04925776226280464,0.027778278919560622,0.027108800751380818,0.02554354797251153,0.024337311767313168,0.02473587501613247,0.021084602167688957,0.023106284554331582,0.021903975248683642,0.05227512584467718,0.06437594947348237,,,,0.021586577546942293,,0.021251989363555237,,,,,,,,,,,,,,,,,,,,,,,,,,,,,,,,,,,
872,,,,,,,,,,,,,,,,,,,,,,,,,,,,0.10134875182669274,0.09647876708954452,0.05664447743695889,0.06613128573667684,0.050600871561399606,0.024403504108710183,0.02006606610822633,0.0218241400963444,0.023270928336127643,0.02396163316273406,0.02389391163286034,0.020242068161848675,0.02080932242437059,0.022408365491767557,0.02249388333494547,0.02129407558419055,0.021629524004504075,0.02084242866324382,0.02057302469257537,,,,,0.019748650527720197,,,0.05664447743695889,,,,,0.07425717581641031,,,0.050600871561399606,,,,,,,,,0.05370050946711238,0.06613128573667686,,,,,,,,,,,,,,,,,,,,,,,,,,,,,,,,,,,,,,,,,
873,,,,,,,,,,,,,,,,,,,,,,,,,,,,0.09949996253695514,0.09468562390005707,0.055985021669463265,0.06539638099412547,0.04917814879065734,0.021959040777138943,,,0.020507731260570095,0.02172532430920325,0.021581949754251196,,,,0.020211099174700785,,,,,,,,,,,,0.055985021669463265,,,,,0.07345333276920925,,,0.04917814879065734,0.027326518496781232,0.027326518496781232,0.025740680934688717,0.024311459126388654,0.024929581803270866,0.020461935065573738,0.023239854063741138,0.02125404107257507,0.04917814879065734,0.06539638099412547,,,,0.02091131815915594,,0.020576776599808323,,,,,,,,,,,,,,,,,,,,,,,,,,,,,,,,,,,
874,,,,,,,,,,,,,,,,,,,,,,,,,,,,0.10053915602724532,0.09567453566918924,0.05656973817175394,0.06607939123538452,0.049691773226131795,0.021186611130436208,,,0.0197820487744521,0.020972041304214175,0.020832449054382075,,,,,,,,,,,,,,,,0.05656973817175394,,,,,0.07422049110080695,,,0.049691773226131795,0.02693485969662748,0.02693485969662748,0.02537175123692248,0.023963013827271964,0.024572277227550617,0.02016866327767472,0.022906767601979624,0.020949416382610123,0.049691773226131795,0.06607939123538449,,,,0.020611605563831615,,0.02028185883942615,,,,,,,,,,,,,,,0.01972401509607941,,,,,,,,,,,,,,,,,,,,
875,,,,,,,,,,,,,,,,,,,,,,,,,,,,0.10103544702775624,0.096146813465293,0.05684898312531505,0.06640557864818193,0.04993706651111697,0.02147241335965358,,,0.020052668821965262,0.020932603749407537,0.020445637102542782,,,,0.019760192685775096,,,,,,,,,,,,0.05684898312531505,,,,,0.07458686538961488,,,0.04993706651111697,0.02670760658102114,0.026063932450521347,0.024559010005939873,0.02339926637655553,0.023782467599278653,0.02027192761807322,0.02221568727181511,0.021059719185493743,0.04993706651111697,0.06640557864818193,,,,0.020754555104868906,,0.020432863124079277,,,,,,,,,,,,,,,,,,,,,,,,,,,,,,,,,,,
876,,,,,,,,,,,,,,,,,,,,,,,,,,,,0.10040901821029526,0.09555069461360763,0.05649651434014436,0.06599385811514993,0.049627452227790886,0.021775623106225616,,,0.020336344013977145,0.021224236328804717,0.02073074189353845,,,,0.020039730199880337,,,,,,,,,,,,0.05649651434014436,,,,,0.07412442014630038,,,0.049627452227790886,0.026954520529711992,0.026295928051942977,0.024761528451077684,0.023601165835929142,0.023967289984548373,0.0206091589020347,0.02248054875301623,0.02139791472724261,0.049627452227790886,0.06599385811514993,,,,0.021103826219925077,,0.020774208437980467,,,,,,,,,,,,,,,,,,,,,,,,,,,,,,,,,,,
877,,,,,,,,,,,,,,,,,,,,,,,,,,,,0.09966572012773918,0.09484336125492017,0.056078287456457654,0.06550532522167284,0.04926007496685797,0.021434297406450514,,,,0.021249969941754085,0.020798721823483482,,,,0.019700180211798205,,,,,,,,,,,,0.056078287456457654,,,,,0.07357569912156202,,,0.04926007496685797,0.02763701668254839,0.026961748455274985,0.025388497418586526,0.02419875409084616,0.02457414860740302,0.02113098868744409,0.02304976266356129,0.02193971603526315,0.04926007496685797,0.06550532522167284,,,,0.02163818112300525,,0.02130021732474639,,,,,,,,,,,,,,,0.019965568766778203,,,,,,,,,,,,,,,,,,,,
878,,,,,,,,,,,,,,,,,,,,,,,,,,,,0.09980683697654959,0.09497765011826986,0.05615768879126363,0.06559807431397595,0.04932982238394961,0.021195551998195956,,,,0.021013277660549938,0.02056705575863613,,,,0.01948075022637967,,,,,,,,,,,,0.05615768879126363,,,,,0.07367987506887619,,,0.04932982238394961,0.02763631006052872,0.02696105909848348,0.02538784828660791,0.02419813537817231,0.024573520296658786,0.021130448411260324,0.023049173328249413,0.021939155081574336,0.04932982238394961,0.06559807431397595,,,,0.021637627878947737,,0.02129967272173231,,,,,,,,,,,,,,,0.019965058287999406,,,,,,,,,,,,,,,,,,,,
879,,,,,,,,,,,,,,,,,,,,,,,,,,,,0.09992468962045406,0.09508980042297197,0.05622400020138446,0.06567553300044608,0.04938807139942188,0.02141520252404352,,,,0.02136314196873067,0.020883335317760855,,,,0.019555415395274087,,,,,,,,,,,,0.05622400020138446,,,,,0.07376687680485405,,,0.04938807139942188,0.02744961787798585,0.026778926781358826,0.02521634702568255,0.024034692907280074,0.024407419544579326,0.02098780781265336,0.022893507891845976,0.02179102981007665,0.04938807139942188,0.06567553300044608,,,,0.02149285504100436,,0.02115588806656733,,,,,,,,,,,,,,,0.01983016458494985,,,,,,,,,,,,,,,,,,,,
880,,,,,,,,,,,,,,,,,,,,,,,,,,,,0.10020129164291362,0.09535301896497765,0.05637963413155266,0.06585732976481969,0.049524782761612214,0.021440314602498314,,,,0.02134966874372979,0.020869554451092977,,,,0.019579454993934136,,,,,,,,,,,,0.05637963413155266,,,,,0.07397107125761893,,,0.049524782761612214,0.02725118378456362,0.026585341133562222,0.025034057312809187,0.023860945406716044,0.02423097759221289,0.02083608633387956,0.022728010051257956,0.02163350181590494,0.049524782761612214,0.06585732976481969,,,,0.021337482560991175,,0.021002951530703997,,,,,,,,,,,,,,,0.019686811743051685,,,,,,,,,,,,,,,,,,,,
881,,,,,,,,,,,,,,,,,,,,,,,,,,,,0.10307300509457966,0.09808578361031305,0.05799544318032794,0.06774476431456997,0.05094413557149607,0.02030980998455032,,,,,0.019405203596926202,,,,,,,,,,,,,,,,0.05799544318032794,,,,,0.07609104113906179,,,0.05094413557149607,0.02508720349501537,0.024472746761646687,0.023040695110135963,0.02173542342374851,0.022300827542058296,,0.02091446729580466,0.01990522792537033,0.05094413557149607,0.06774476431456998,,,0.020891089910774183,0.0196332665365284,,0.01932570274051808,,,,,,0.020891089910774183,0.020891089910774183,0.01963350430713615,,,,,,,,,,,,,,,,,,,,,,,,,,,
882,,,,,,,,,,,,,,,,,,,,,,,,,,,,0.10022692373224777,0.09537741083718126,0.05639405637896077,0.06587417646342168,0.04953745149706647,0.021471890990427612,,,,0.02045811695430019,0.020337836392815466,,,,0.019593843192174103,,,,,,,,,,,,0.05639405637896077,,,,,0.07398999349979292,,,0.04953745149706647,0.027374224566297924,0.02669740038714649,0.02512420220150471,0.023783200579368464,0.024308892086761694,0.021032236521273465,0.022882251924466496,0.021833916365647195,0.04953745149706647,0.06587417646342168,,,,0.021542649735749757,,0.021202181992589306,,,,,,,,,,,,,,,0.019614007864290867,,,,,,,,,,,,,,,,,,,,
883,,,,,,,,,,,,,,,,,,,,,,,,,,,,0.09891069348965108,0.09412486683074406,0.05565346133977762,0.06500908373146339,0.04888690083289771,0.017338423809662846,,,,,,,,,,,,,,,,,,,,,0.05565346133977762,,,,,0.07301831978710745,,,0.04888690083289771,0.020888886970066543,0.020372158223510347,0.019172491129499418,0.018149985944247698,0.01855019622858949,,0.01746293343901683,,0.04888690083289771,0.06500908373146339,,,0.028499357786334237,,,,,,,0.025347024375698298,,0.028499357786334233,0.028499357786334233,0.027139080644933124,0.025347024375698295,0.025347024375698298,,,,,,0.025347024375698295,,,,,,,,,,,,,,,,,,,
884,,,,,,,,,,,,,,,,,,,,,,,,,,,,0.09900973793144721,0.09421911897442518,0.05570919005644058,0.06507418072131045,0.04893585383922401,0.017548742309363513,,,,,,,,,,,,,,,,,,,,,0.05570919005644058,,,,,0.0730914368432017,,,0.04893585383922401,0.020998971711373333,0.02047951979672915,0.019273530439502973,0.018245636636898654,0.018647956035320257,,0.01755496335486858,,0.04893585383922401,0.06507418072131045,,,0.029139800875580768,,,,,,,0.022972530576115178,,0.029139800875580765,0.029139800875580768,0.027679224889291292,0.025756197112715703,0.025756197112715703,,,,,,0.022972530576115178,,,,,,,,,,,,,,,,,,,
885,,,,,,,,,,,,,,,,,,,,,,,,,,,,0.08308764681513715,0.07906742350939987,0.04675040662133412,0.054609381435796495,0.04106631352974419,,,,,,,,,,,,,,,,,,,,,,0.04675040662133412,,,,,0.061337355461375885,0.01396751684483879,,0.04106631352974419,,,,,,,,,0.04106631352974419,0.05460938143579648,0.04004816499327467,0.016214176185744764,0.044150798773817494,,,,,,,0.03610988057598217,,0.044150798773817494,0.044150798773817494,0.042382406687988025,0.04004816499327467,0.04004816499327467,,,,,,0.03610988057598217,0.02140241668931806,0.010601962883154278,0.010601962883154278,0.010601962883154278,,,,,,,,,,,,,,,
886,,,,,,,,,,,,,,,,,,,,,,,,,,,,0.08739659790208164,0.08495372211353394,0.05395045617259755,0.06224771452031482,0.04921255979585342,,,,,,,,,,,,,,,,,,,,,,,,,,,0.06224771452031482,,,0.04921255979585342,,,,,,,,,0.04921255979585342,0.05395045617259755,0.03938315834987684,0.01594493701130184,0.043417667193360834,,,,,,,0.03551026982029928,,0.043417667193360834,0.043417667193360834,0.04167863956119372,0.03938315834987682,0.03938315834987682,,,,,,0.03551026982029928,0.021047025892122855,0.009904408095213866,0.009904408095213866,0.009904408095213866,0.009904408095213866,0.009904408095213866,,,,,,,,,,,,,
887,,,,,,,,,,,,,,,,,,,,,,,,,,,,0.08929747397118692,0.08680146563242887,0.05512387863431285,0.0636016023572388,0.05028293300786517,,,,,,,,,,,,,,,,,,,,,,,,,,,0.0636016023572388,,,0.05028293300786517,,,,,,,,,0.05028293300786517,0.05512387863431285,0.03701264023367627,0.013102576088959223,0.0400913059246864,,,,,,,0.03362420893444451,,0.0400913059246864,0.03673446597188846,0.03877090074876917,0.03701264023367627,0.03701264023367627,,,,,,0.03362420893444451,0.017447515498007406,0.009437784420163797,,0.009452768628929766,0.009437784420163797,0.009437784420163797,0.03331076877334935,,,,,,,,,,,,
888,0.02084754676437494,0.02084754676437494,,,,,,,,,,,,,,,,,,,,,,,,,,0.0886256603841637,0.0799239139153217,0.05099606059679235,0.058713586442974725,0.046717939053373236,,,,,,,,,,,,,,,,,,,,,,,,,,,0.058713586442974725,,,0.046717939053373236,,,,,,,,,0.046717939053373236,0.05099606059679235,0.03515291633051841,0.011318343636217896,0.0389051072756601,,,,,,,0.032237413047263,,0.03890510727566011,0.03602055599398757,0.03788147549585795,0.03515291633051841,0.03515291633051841,,,,,,0.032237413047263,0.01508494001746772,,,,,,0.03189525980319202,0.03515291633051841,0.01508494001746772,,,,,,,,,,
889,0.02004449690177798,0.020044496901777984,,,,,,,,,,,,,,,,,,,,,,,,,,0.08521178990825301,0.07684523569896735,0.04903168656669202,0.056451932443177644,0.04491835874967368,,,,,,,,,,,,,,,,,,,,,,,,,,,0.056451932443177644,,,0.04491835874967369,,,,,,,,,0.04491835874967369,0.04903168656669202,0.036379677688072036,,0.04026281204668143,,,,,,,0.033362429595592547,,0.04026281204668143,0.03727759611423096,0.03920345771401857,0.036379677688072036,0.036379677688072036,,,,,,0.033362429595592547,,,,,,,0.03300833593741081,0.036379677688072036,0.015611372058566341,0.01758359984445127,0.01667811061494916,,,,,,,,
890,0.023010149846145696,0.023010149846145696,,,,,,,,,,,,,,,,,,,,,,,,,,0.08917849712063676,0.07911045065063313,0.05730961671112775,0.06647010495404514,0.03954003804056162,,,,,,,,,,,,,,,,,,,,,,,,,,,0.06647010495404514,,,0.03954003804056162,,,,,,,,,,0.05730961671112775,0.03601520554455706,,0.03997493635860171,,,,,,,0.03324721612273243,,0.03997493635860171,0.03724381665162317,0.038894150335400335,0.03601520554455706,0.03601520554455706,,,,,,0.030240933419073423,0.01572638449924759,,,,,,0.029838240052065243,0.03601520554455707,0.01572638449924759,0.017512623430704005,0.016610789219444193,,,,,,,,
891,0.022692364091854853,0.022692364091854853,,,,,,,,,,,,,,,,,,,,,,,,,,0.08794688167425789,0.07801788174515463,0.056518132088192306,0.06555210778402014,0.03899396333451127,,,,,,,,,,,,,,,,,,,,,,,,,,,0.06555210778402014,,,0.03899396333451127,,,,,,,,,,0.056518132088192306,0.038134358574141394,,0.043315073961301714,,,,,,,0.0349752397431778,,0.043315073961301714,0.04021442924565678,0.041899825204450646,0.038134358574141394,0.038134358574141394,,,,,,0.031529338425027614,0.018790244369737644,,,,,,0.030945910266493456,,0.018790244369737644,0.017055347285250724,0.016178526893811385,0.015109772535059112,,,,,,,
892,0.031221445407420813,0.031221445407420813,,,,,,,,,,,,,,,,,,,,,,,,,,0.12100232280035216,0.10734143987154117,0.07776086124734215,0.09019031892119006,0.05365011298687916,0.018875696521800753,,0.017538289550516367,0.018246684053744355,0.016985172918459024,0.01690129052764449,,,0.01799894897525997,0.01803413225130959,,0.01747632479074278,,,,,,,,,,,,,,,0.09019031892119003,,,0.05365011298687916,,,,,,,,,,0.07776086124734215,0.016694179045609697,,0.018962154527338293,,,,,,,,,0.018962154527338293,0.017604777086751157,0.0183425973347081,0.016694179045609697,0.0166941790456097,,,,,,,,,,,,,,,,,,,,,,,,,
893,0.03143047515783911,0.03143047515783911,,,,,,,,,,,,,,,,,,,,,,,,,,0.12181244177482409,0.10806009828383094,0.07828147562655279,0.09079414938477777,0.0540093042280667,0.016277639352696008,,0.01515717543039046,0.0157781655890451,,,,,0.015522745460992343,0.015550154210416025,,0.015112400924068608,,,,,,,,,,,,,,,0.0907941493847778,,,0.05400930422806671,,,,,,,,,,0.07828147562655279,0.01828983988616199,,0.02016349664347631,,,,,,,0.016491240838476712,,0.020163496643476306,0.020163496643476306,0.019355878913395325,0.018289839886161986,0.018289839886161986,,,,,,0.016491240838476712,,,,,,,,,,,,,,,,,,,
894,0.03119251608842642,0.03119251608842642,,,,,,,,,,,,,,,,,,,,,,,,,,0.12089020387857663,0.10724197891722471,0.07768880920968191,0.09010674993608288,0.05360040160380804,0.019431357553128716,,0.0179933827934398,0.018797537441834693,0.016783707157461494,0.016941427101311194,,0.017180701848826536,0.018535498854858345,0.018939394813477093,,0.018004491607715438,0.01716084124735543,0.01700785480351684,,,,,,,,,,,,,0.09010674993608288,,,0.05360040160380804,,,,,,,,,,0.07768880920968191,,,0.017622107187225025,,,,,,,,,0.017622107187225025,0.017622107187225025,0.017048346743599414,,,,,,,,,,,,,,,,,,,,,,,,,,,
895,0.031185718422307367,0.031185718422307367,,,,,,,,,,,,,,,,,,,,,,,,,,0.12086385873730296,0.10721860808158715,0.07767187878365608,0.09008711331557422,0.05358872067262195,0.019474925989803816,,0.01802907855420761,0.018840089274578205,0.016665436644063055,0.016831795696898695,,0.01723310967800766,0.018577728504980323,0.018983293562055522,,0.0180448931148099,0.017199326036473134,0.017044171609185445,,,,,,,,,,,,,0.09008711331557422,,,0.05358872067262195,,,,,,,,,,0.07767187878365608,,,0.0176251705781727,,,,,,,,,0.0176251705781727,0.0176251705781727,0.0170513103932091,,,,,,,,,,,,,,,,,,,,,,,,,,,
896,0.03261049839730445,0.03261049839730445,,,,,,,,,,,,,,,,,,,,,,,,,,0.09658839978004696,0.0901233131121641,0.05209164080195552,0.06992909260431733,0.05467513575500996,,,,,,,,,,,,,,,,,,,,,,,,,,,0.06992909260431733,,,0.05467513575500996,,,,,,,,,,,0.03836335061817349,0.015532050622120234,0.04229338781731505,,,,,,,0.03459074865351287,,0.04229338781731505,0.04229338781731505,0.04059939145991709,0.0383633506181735,0.03836335061817349,,,,,,0.03459074865351287,0.02050202339274321,,,,,,,,,0.011726508858033826,0.011061797647670226,,0.014773046594942649,0.010859971427113943,0.01056069017653743,,,,
897,0.032342616587037375,0.032342616587037375,,,,,,,,,,,,,,,,,,,,,,,,,,0.09579496586595451,0.08938298722172176,0.051663729432193585,0.06935465391623133,0.054226002038493044,,,,,,,,,,,,,,,,,,,,,,,,,,,0.06935465391623133,,,0.054226002038493044,,,,,,,,,,,0.03773704913708368,0.015278481886536754,0.04160292645240646,,,,,,,0.034026036844856666,,0.04160292645240646,0.04160292645240646,0.03993658545906048,0.03773704913708368,0.03773704913708368,,,,,,0.034026036844856666,0.020167317288888705,,,,,,,,,0.014844366288138717,0.014124862167355484,0.013262882734329483,0.014651692102999646,,,0.012973584011113645,,,
898,0.03213758785980384,0.03213758785980384,,,,,,,,,,,,,,,,,,,,,,,,,,0.09518769527379259,0.08881636392279717,0.051336218865411995,0.06891499572154257,0.05388224852210714,,,,,,,,,,,,,,,,,,,,,,,,,,,0.06891499572154257,,,0.05388224852210714,,,,,,,,,,,0.03811864851508584,0.015432978841599157,0.042023617821242386,,,,,,,0.0343701102367297,,0.042023617821242386,0.042023617821242386,0.04034042668457198,0.03811864851508583,0.03811864851508583,,,,,,0.0343701102367297,0.02037125045031466,,,,,,,,,0.0147452907809245,0.014066664676466395,0.013182512463148372,0.014558811003673266,,,0.012925103347948682,,,
899,,,,,,,,,,,,,,,,,,,,,,,,,,,,0.09511052616623383,0.10253781400311517,0.06139288089724815,0.07947712878696817,0.06064136961395217,,,,,,,,,,,,,,,,,,,,,,,,,,,0.07947712878696817,,,0.06064136961395217,,,,,,,,,,,0.03680582602738867,0.01490146047815593,0.04057630652770886,,,,,,,0.033186389003655246,,0.04057630652770886,0.04057630652770886,0.038951085210572826,0.03680582602738867,0.03680582602738867,,,,,,0.033186389003655246,0.019669655909702866,,,,,,,,,0.014583796929898182,0.01387447417580671,0.01303374230796754,,,,0.012730745405869192,0.012237455537640904,0.011494996140235768,0.01072519436310926
900,,,,,,,,,,,,,,,,,,,,,,,,,,,,0.09538567165004733,0.10283444590686211,0.06157048451903501,0.07970704837561576,0.06081679918683014,,,,,,,,,,,,,,,,,,,,,,,,,,,0.07970704837561576,,,0.06081679918683014,,,,,,,,,,,0.03642626037989758,0.014747786913249513,0.04015785722980352,,,,,,,0.032844149347882,,0.04015785722980352,0.04015785722980352,0.03854939625330204,0.03642626037989758,0.03642626037989758,,,,,,0.032844149347882,0.019466809608257613,,,,,,,,,0.015044804912958471,0.014260176275523248,0.013055328593109712,,,,0.012708373422853317,0.012529203314848475,0.012398792730457334,0.01096037924973686
