threshold,PYC1,MAE1,KGD1,IDH1,IDH2,GDH2,IDP1,GDH3,GDH1,AAT2,AAT1,MDH3,MDH1,MDH2,IDP3,NIT3,GLT1,ALT2,ALT1,FUM1,UGA2,NIT1,RIP1,CYT1,QCR2,PCK1,FDH1,ERT1,MLS1,ACS1,DAL7,ACS2,LAT1,CIT1,CIT3,CIT2,LSC1,ACC1,LSC2,HFA1,ICL1,ACH1,LYS20,LYS21,ACO2,QCR7,QCR9,QCR8,SDH2,SDH1,SDH3,SDH4,YJL045W,SDH5,SHH3,SHH4,KGD2,LEU9,PDA1,PDB1,PDX1,AIM22,IRC15,ILV2,HSP82,HSC82,AHA1,STI1,SBA1,HSP104,PGI1,TAL1,PKP2,PKP1,CPR6,TKL1,NQM1,TKL2,TPI1,FES1,PGK1,ZWF1,FBA1,ENO2,GPM1,ENO1,CDC19,PFK1,ERR3,PYK2,LPD1,PTC6,PTC5,ACO1,YMR31,SIS1,BTN2,HSP78,YJL144W,HSP26,CUR1,MBF1,ICL2,TDH3,TDH2,ATP2,ATP18,ATP6,ATP16,ATP15,ATP4,TOM40,TOM22,TOM70,PTC7,TIM8,TOM7,TIM54,TOM20,TIM22
800,0.25367864560653086,0.25367864560653086,0.027980108939226908,0.027980108939226908,0.027980108939226905,0.027108691416191696,0.026209540337764164,0.026119677852704797,0.026119677852704797,0.02600800222541689,0.02600800222541689,0.023819752716169984,0.023819752716169984,0.023661658502915156,0.02361121837492627,0.02312794830022985,0.020561935665241577,0.01966364146641808,0.01966364146641808,0.01872644723273201,0.016254726283749178,0.009842713155640481,0.009532470085179719,0.009510835270990566,0.00933204882227728,,,,,,,,,,,,,,,,,,,,,,,,,,,,,,,,,,,,,,,,,,,,,,,,,,,,,,,,,,,,,,,,,,,,,,,,,,,,,,,,,,,,,,,,,,,,,,,
801,0.127354582005611,0.127354582005611,0.026304862993488366,0.02772371914013296,0.02772371914013296,0.02736863699796996,0.025884532971545048,0.02637225479066658,0.02637225479066658,0.025050153590810954,0.02505015359081095,0.023368997483635294,0.02336899748363529,0.023273583774375644,0.024388260347189685,0.022250395277194468,0.020733012987042044,0.01916681676696117,0.01916681676696117,,0.01562504088637097,,0.010935189130109369,0.010861144495854331,,0.1338975360386323,0.127354582005611,0.03305017453898097,,,,,,,,,,,,,,,,,,,,,,,,,,,,,,,,,,,,,,,,,,,,,,,,,,,,,,,,,,,,,,,,,,,,,,,,,,,,,,,,,,,,,,,,,,,,
802,0.12753959369307377,0.12753959369307377,0.026255995085440915,0.027672215349445715,0.027672215349445715,0.027317792861791344,0.02583644593237599,0.026323261685382845,0.026323261685382845,0.025003616621485047,0.025003616621485047,0.023325583685187685,0.023325583685187685,0.023230347230923504,0.024342953011265572,0.022209059564071973,0.020694496193685314,0.01913120957753913,0.01913120957753913,,0.015596013437664554,,0.010935245494182408,0.010860855922350112,,0.13409205286479978,0.12753959369307377,0.03309818748414636,,,,,,,,,,,,,,,,,,,,,,,,,,,,,,,,,,,,,,,,,,,,,,,,,,,,,,,,,,,,,,,,,,,,,,,,,,,,,,,,,,,,,,,,,,,,
803,0.04022637347360794,,,,,,,,,,,,,,,,,,,,,,0.019276649548180105,0.01934333152229274,0.01895452000158655,0.039240667423120955,,,0.0595198596711635,0.05771993253711147,0.05684199539182658,0.05504206825777458,0.05234049878033605,0.051943849243120344,0.051610897628363434,0.049393487632626076,0.04936843788437466,0.04766206242543372,0.04666686840693613,0.04520372821766197,0.044206440299893776,0.04173268924928928,0.03731985726036802,0.03731985726036802,0.02394197777031529,0.018463415954457933,0.018398067912061587,0.018262466247729404,,,,,,,,,,,,,,,,,,,,,,,,,,,,,,,,,,,,,,,,,,,,,,,,,,,,,,,,,,,,,,,,,,,,,,,,
804,0.041057363433695364,0.03165581723093709,,,,,,,,,,,,,,,,,,,,,0.019600433197980105,0.019538192651917082,0.019269793441941612,0.04013567442925891,,,0.059397151067794966,0.05565468111333936,0.05687363496153276,0.05313116500707716,0.05056008398450269,0.05214251954566311,0.051737738033066666,0.04964085747518845,0.04925203002703446,0.045865938405537925,0.0447867557532159,0.043409184180896065,0.04296798136183437,0.04180827654926893,0.035600530175913594,0.035600530175913594,0.023022243349339895,0.018678772565322136,0.018612651881827875,,,,,,,,,,,,,,,,,,,,,,,,,,,,,,,,,,,,,,,,,,,,,,,,,,,,,,,,,,,,,,,,,,,,,,,,,
805,,,0.04140058781408755,0.04140058781408755,0.04140058781408755,0.04077872893461692,0.040340605144568144,0.03919267850328759,0.03919267850328759,0.039116429495773805,0.039116429495773805,0.03652208666928023,0.03652208666928023,0.03626375533836859,0.03621027313197049,,,,,,,,,,,,,,0.04828958617989552,0.04703106486118696,,0.044492660739497904,0.04216237007276343,0.041994694980258686,0.04168709091282594,0.03981669361958424,0.03982605468500308,0.03820997862383766,0.03749576401826861,0.03612822626745442,0.03540829971095348,,,,,,,,,,,,,,,,,,,,,,,,,,,,,,,,,,,,,,,,,,,,,,,,,,,,,,,,,,,,,,,,,,,,,,,,,,,,,,,
806,0.04134255901277532,0.03177153399444242,,,,,,,,,,,,,,,,,,,,,0.019241526032719492,0.01926557185120901,0.019019757359012585,0.04039489484897725,,,0.05669895545529306,0.05619450038376065,0.053983358834706334,0.053642802270873466,0.051029958218937396,0.05264954838533888,0.05222079940164353,0.05010723346268565,0.049714814232715815,0.046265404178641084,0.04518447787499015,0.043770276932884204,0.04329302699900911,0.042124882839855486,0.03583123096872481,0.03583123096872481,0.023432588317605148,0.018527664438554907,0.01846140273591917,,,,,,,,,,,,,,,,,,,,,,,,,,,,,,,,,,,,,,,,,,,,,,,,,,,,,,,,,,,,,,,,,,,,,,,,,
807,,,0.04169218665427497,0.04169218665427497,0.04169218665427497,0.04104695225091837,0.03846126000129765,0.039444614793069384,0.039444614793069384,0.039376627852578575,0.03937662785257857,0.036903557203321107,0.036903557203321107,0.03662109490628565,0.033976358567180905,,,,,,,,,,,,,,0.048313443065611056,0.047051050395310504,,0.04470944336208875,0.042379304870077336,0.042185116837536965,0.040995858419402544,0.039988536172062016,0.040017381485638666,0.038405525578553236,0.037687242993627246,0.03631144358821284,0.035323827845433246,,,,,,,,,,,,,,,,,,,,,,,,,,,,,,,,,,,,,,,,,,,,,,,,,,,,,,,,,,,,,,,,,,,,,,,,,,,,,,,
808,,,0.041933730459211,0.041933730459211,0.041933730459211,0.04113024676767767,0.03864813804637325,0.039512876295083196,0.0395128762950832,0.03946169570408448,0.03946169570408449,0.037066950425127226,0.037066950425127226,0.03667014770702494,,,,,,,,,,,,,,,0.04822167161961069,0.04696167686577857,,0.04462451771806793,0.042298805327059145,0.04210498615493135,0.04091798673466118,0.039912577897199174,0.03994136841906632,0.038332574234308095,0.03761565602805754,0.036242469955347856,0.03525673018991653,0.03323621010869696,,,,,,,,,,,,,,,,,,,,,,,,,,,,,,,,,,,,,,,,,,,,,,,,,,,,,,,,,,,,,,,,,,,,,,,,,,,,,,
809,,,0.04124254277484161,0.04124254277484161,0.04124254277484161,0.03999296944021059,0.03536166985440159,0.038472459510373,0.038472459510373,0.038444718456375544,0.038444718456375544,0.03645321162682488,0.03645321162682488,0.03617972690515,,,,,,,,,,,,,,,0.04919736798945835,0.04805932039569516,,0.04566545582788068,0.04328418782496285,0.043078682766147146,0.04185883212588789,0.04082818076652466,0.040943061973554025,0.039246503657124995,0.03856179397063618,0.037151780909511815,0.036050734175748965,0.03407132390543342,,,,,,,,,,,,,,,,,,,,,,,,,,,,,,,,,,,,,,,,,,,,,,,,,,,,,,,,,,,,,,,,,,,,,,,,,,,,,,
810,,,0.0413635755193172,0.0413635755193172,0.0413635755193172,0.04011033511471574,0.03546544425005617,0.03858536300875057,0.03858536300875057,0.03855754054425624,0.03855754054425623,0.036560189323913805,0.036560189323913805,0.03628590201820288,,,,,,,,,,,,,,,0.049611873896822374,0.04844493524126422,,0.045990347915925676,0.04356329513743111,0.043389231775862236,0.042172219259545556,0.041116718996623516,0.03883280632413197,0.03942912720002113,0.03871345356629481,0.03470398721186077,0.036498576337309206,0.03417483344213992,,,,,,,,,,,,,,,,,,,,,,,,,,,,,,,,,,,,,,,,,,,,,,,,,,,,,,,,,,,,,,,,,,,,,,,,,,,,,,
811,,,0.04130867233201307,0.04130867233201307,0.03963078087441486,0.040073319518821024,0.035379768144861566,0.03853734959437216,0.03853734959437216,0.038497279104351634,0.038497279104351634,0.03667107601689213,0.03667107601689214,0.03639339665954076,,,,,,,,,,,,,,,0.04978314224572396,0.04861217512598759,,0.04614911416146906,0.0437136827975791,0.04353901854065598,0.042317804696957555,0.04125866067351818,0.038966863558821,0.039565243032457176,0.03884709877563253,0.03482379108386203,0.03662457542614727,0.03429281058829236,,,,,,,,,,,,,,,,,,,,,,,,,,,,,,,,,,,,,,,,,,,,,,,,,,,,,,,,,,,,,,,,,,,,,,,,,,,,,,
812,,,0.03847918463965755,0.03847918463965755,0.03683949534524263,0.03855991582130932,,0.03708398074604585,0.03708398074604585,0.03728913530810408,0.03728913530810408,,0.03403879719223136,,,,,,,,,,,,,,,,0.039997421575676935,0.041226242612960005,0.03828386852025378,0.03961529676064617,0.037836377852618036,0.03547663865564429,0.034484565967110595,,,0.03463749667020234,,,,,,,,,,,0.053197781464154506,0.051049813753331764,0.04933552425328626,0.04892608396953742,0.045667760472050574,0.04064304395629429,0.037239636884917354,0.037239636884917354,,,,,,,,,,,,,,,,,,,,,,,,,,,,,,,,,,,,,,,,,,,,,,,,,,,,,,,,,,,,,,,,
813,,,0.03870712940729302,0.038707129407293026,0.03704751438194089,0.03880056643337761,0.03424091845128743,0.03743223471273734,0.03743223471273734,0.037638674969715256,0.037638674969715256,0.03431191317725992,0.03431191317725992,,,,,,,,,,,,,,,,0.03970502589331662,0.04121986133969013,0.03680337806203367,0.03813977846016174,0.036395325046431684,0.03420120938781009,,,,,,,,,,,,,,,0.05377870244080268,0.0516072788740018,0.04987426929384741,0.04946035791294061,0.046166453449174714,0.0410868669154332,0.03764629456186929,0.03764629456186929,,,,,,,,,,,,,,,,,,,,,,,,,,,,,,,,,,,,,,,,,,,,,,,,,,,,,,,,,,,,,,,,
814,,,0.0394645341224781,0.0394645341224781,0.03777244445318204,0.03955979948471711,0.03491093024199353,0.038164692828476614,0.038164692828476614,0.0383751726209725,0.0383751726209725,0.03498331416269651,0.03498331416269651,0.034616170230153294,,,,,,,,,,,,,,,0.03995732386271611,0.04148178504030362,0.03703723806698725,0.03838213036504905,0.03662659215678495,,,,,,,,,,,,,,,,0.05201334755860656,0.05060992175482967,0.04734922481938478,0.0485022431889715,0.04524154625352661,0.04026195910984245,0.036850957971851984,0.036850957971851984,,,,,,,,,,,,,,,,,,,,,,,,,,,,,,,,,,,,,,,,,,,,,,,,,,,,,,,,,,,,,,,,
815,,,,,,,,,,,,,,,,,,,,0.045188745877486544,,,,,,,,,0.041838464949773245,0.04343469586265725,0.038780905148353945,0.04018911330230846,0.03835092653968146,0.03603891618296639,0.035608840824903835,0.035192510457605394,0.03434779891880584,0.03511361851997716,0.034371528197153806,0.031346509241033604,0.030946763324949333,0.03101941439452879,,,,,,,0.05492315630447896,0.05377594826576098,0.05101896579999704,0.051972264103753135,0.04921528163798919,0.03788164473319008,0.04131919191831052,0.04131919191831052,0.036404955372266665,0.030400648203757773,,,,,,,,,,,,,,,,,,,,,,,,,,,,,,,,,,,,,,,,,,,,,,,,,,,,,,,,,,,,,,
816,,,,,,,,,,,,,,,,,,,,0.04506010556594991,,,,,,,,,0.042217688562152,0.043831100963428474,0.03924501281123834,0.0406662167459748,0.03878897514279204,0.03644604008815002,0.03544601889155928,0.03557509048278679,0.03267911632216613,0.033514339893518895,0.03470591521501518,0.03175097306602875,0.03138232525577507,0.03133465813081529,,,,,,,0.054766804721792024,0.05362286247849792,0.05087372840676242,0.05182431292441089,0.04907517885267538,0.03777380579043188,0.04120156719521634,0.04120156719521635,0.03630132017041215,0.030715275127233717,,,,,,,,,,,,,,,,,,,,,,,,,,,,,,,,,,,,,,,,,,,,,,,,,,,,,,,,,,,,,,
817,0.030256438842083736,,,,,,,,,,,,,,,,,,,0.043630497663869394,,,,,,,,,0.04699730980753405,0.046471742471583866,,0.042572476108125534,0.04049181371990658,0.03804839576247387,0.036854888320870485,0.037219063031133606,0.03391176740156026,0.034718272813912154,0.03613638272221433,0.032788641200328025,0.03262443746404038,0.03230791530473172,,,,,,,0.05302923540590611,0.05192158666104033,0.049259673507752934,0.05018009912717077,0.047518185973883395,0.036575368046636095,0.03989437793543589,0.03989437793543589,0.03514959951819086,0.03154745325417964,,,,,,,,,,,,,,,,,,,,,,,,,,,,,,,,,,,,,,,,,,,,,,,,,,,,,,,,,,,,,,
818,,,0.03532234239277593,0.03394453019103868,0.033944530191038685,0.035428913391963676,,0.03416645300844277,0.03416645300844277,0.03404361482921177,0.03404361482921177,,,,,,,,,,,,,,,,,,0.04126441490525145,0.0428406748025991,0.038347835047668526,0.039737103160328135,0.037902517193949686,0.03561355722425751,0.034626746455397685,0.03475291686076462,,,,,,,,,,,,,0.05601748025828186,0.05459187635844132,0.05182023087282842,0.049468990458229056,0.049468990458229056,0.04299838631300414,0.04028964847306504,0.04028964847306504,0.0349085308425133,,,,,,,,,,,,,,,,,,,,,,,,,,,,,,,,,,,,,,,,,,,,,,,,,,,,,,,,,,,,,,,
819,,,,,,,,,,,,,,,,,,,,0.04562138366305566,,,,,,,,,0.042199732109290664,0.043811720200129294,0.039217043782121666,0.04063780165102227,0.03876163215993898,0.03642078962644636,0.03541161137482045,0.035540641613558376,0.032658713225054634,0.0334922427207218,0.034682987376704534,0.03173105736168362,0.03137311494443741,0.031478769389490284,,,,,,,0.05465115450504818,0.05358239158191103,0.0514678724047328,0.04962696150848522,0.04962696150848522,0.03728024495158773,0.041682006388271596,0.041682006388271596,0.03666441389493617,0.030696745669794474,,,,,,,,,,,,,,,,,,,,,,,,,,,,,,,,,,,,,,,,,,,,,,,,,,,,,,,,,,,,,,
820,,,,,,,,,,,,,,,,,,,,0.045155320144328805,0.04083649358912454,,,,,,,,0.0420395546979591,0.04365454261726449,0.0392019535637596,0.04061738916336804,0.0387718986513919,0.036392723789984725,0.0353793002777993,0.0355094265963524,0.032634121358499614,0.033503388288973215,0.03469465476821608,0.03174223310966868,0.03082660177535966,0.03145870635017538,,,,,,,0.05369281771640576,0.05268786298189122,0.0506945945581493,0.0489524214228786,0.0489524214228786,0.035903002758675355,0.04083649358912454,0.045155320144328805,,0.030706756663442518,,,,,,,,,,,,,,,,,,,,,,,,,,,,,,,,,,,,,,,,,,,,,,,,,,,,,,,,,,,,,,
821,,0.060700012792384336,,,,,,,,,,,,,,,,,,,,,,,,,,,,,,,,,,,,,,,,,,,,,,,,,,,,,,,0.0765657299421768,,0.11091385964158541,0.10438064249533026,0.0765657299421768,0.06642039201691403,0.06642039201691403,0.060700012792384336,0.026701911910061875,0.025948108723765288,0.023402267652091902,0.02253426729716469,0.022386597852238174,0.02225561622236645,0.022052598942284278,0.021461595880781136,0.0213859634759832,0.0213859634759832,0.021328432198487915,0.021327993404449217,0.021270961948887696,0.021197238332837518,0.02096777294416002,0.02095420012603758,0.020771737972553998,,,,,,,,,,,,,,,,,,,,,,,,,,,,,,,,,,,,,,,
822,,0.05422227552518536,,,,,,,,,,,,,,,,,,,,,,,,,,,,,,,,,,,,,,,,,,,,,,,,,,,,,,,0.09207192082469064,,0.11750319407625695,0.1095960649559472,0.09207192082469064,0.07926336963865453,0.07926336963865453,,,,,,,,0.022177449975367605,0.02162968864325966,0.02446561060780466,0.02446561060780466,,0.021494553579641727,0.021603491338395047,0.021528041869788503,0.02108119656367592,,0.02087237119593282,0.020868242701464798,0.02032475381385933,0.020154339746071594,0.02005746795252099,0.019582223443934958,0.019148248380625923,0.01905344984622088,0.018792025954376294,0.018709118295174673,,,,,,,,,,,,,,,,,,,,,,,,,,,,,,
823,0.06280023186736663,0.06280023186736665,,,,,,,,,,,,,,,,,,,,,,,,,,,,,,,,,,,,,,,,,,,,,,,,,,,,,,,0.07921490247307086,,0.11475147668618009,0.10799221037386465,0.07921490247307086,0.068718536084179,0.068718536084179,,,,,,,,0.022437232010735556,0.02186263907006946,0.022125917330404303,0.022125917330404303,,0.021725490231086334,0.021840838638540243,0.021763914605991475,0.021323895123393503,,0.02111440560421997,0.021089367820369773,0.020568266467646087,0.02039480616489776,0.020296082099978924,0.019813470194475016,0.01937068169656574,,0.019011251667181525,0.018924796034762346,,,,,,,,,,,,,,,,,,,,,,,,,,,,,,
824,0.04755870279494136,0.04755870279494136,,,,,,,,,,,,,,,,,,,,,,,,,,,,,,,,,,,,,,,,,,,,,,,,,,,,,,,0.0750678530066968,,0.10540558346939888,0.09485434282653943,0.0750678530066968,0.0672439123828422,0.05641702911323659,,,,,,,,0.023458580536757204,0.022863795964911976,,0.02516899478271367,,0.022712728592064146,0.022876752151628578,0.022791553404833617,0.022234835660184415,,0.022061262207356533,0.022658322861011156,0.021434316559537446,0.021282703829413184,0.021747451232768507,0.021282703829413184,0.020095251473047106,,,,0.0672439123828422,0.02574386035351001,0.02516899478271367,,,,,,,,,,,,,,,,,,,,,,,,,,,
825,0.04778257227570434,0.04778257227570434,,,,,,,,,,,,,,,,,,,,,,,,,,,,,,,,,,,,,,,,,,,,,,,,,,,,,,,0.0754212142273983,,0.10590175119168846,0.09530084349263723,0.0754212142273983,0.0675604445602341,0.05668259672277016,,,,,,,,0.023154893272004238,0.022571681864086608,,0.02528747088618576,,0.02242272073916139,0.022770286596107144,0.02268558104103059,0.021945677917219426,,0.021760838569084177,0.02236855156080742,0.02115578979689915,0.021005587388537136,0.02146437659088035,0.021005587388537136,0.019834789491346757,,,,0.0675604445602341,0.02586504247815761,0.02528747088618576,,,,,,,,,,,,,,,,,,,,,,,,,,,
826,0.04874491670830629,0.04874491670830629,,,,,,,,,,,,,,,,,,,,,,,,,,,,,,,,,,,,,,,,,,,,,,,,,,,,,,,0.07712724818151165,,0.10679152486320233,0.097465034373164,0.07712724818151165,0.06907274899109642,0.05791461970546183,,,,,,,,0.022989272499088182,0.02244704977405552,,0.021157278462663968,,0.02230455483766912,0.02261171723092155,0.022531041011869302,0.02183584549045297,,0.021613039570491207,0.021648780186801712,0.021088928941238514,0.02090840931975146,0.02077303252962638,0.020309570286965953,0.01981765185879263,,,,0.06907274899109642,0.021724212249168547,0.024178609046786165,,,,,,,,,,,,,,,,,,,,,,,,,,,
827,0.05075983255346163,0.05075983255346163,,,,,,,,,,,,,,,,,,,,,,,,,,,,,,,,,,,,,,,,,,,,,,,,,,,,,,,0.08031537373282015,,0.11120585050176682,0.10149384097226591,0.0803153737328201,0.07192793443009178,0.06030857363524248,,,,,,,,0.020712183762029712,0.01978605327480573,,0.022031833975188233,,0.01967185957819187,0.019634819410624012,0.019752308725188426,0.01928853564858074,,0.01910879146377499,0.01968572233016054,0.018964874562212127,0.018798709584756747,0.019212992634893192,0.018798709584756747,0.017737802402587637,,,,0.07192793443009178,0.02262220248979827,0.025178054030428613,,,,,,,,,,,,,,,,,,,,,,,,,,,
828,0.049218665761561226,0.049218665761561226,,,,,,,,,,,,,,,,,,,,,,,,,,,,,,,,,,,,,,,,,,,,,,,,,,,,,,,0.07787684348854236,,0.10782942557605703,0.09841229145919118,0.07787684348854236,0.06974406308187774,0.05847748857688217,,,,,,,,0.02242395657660737,0.021842845596194913,,0.021362904840099756,,0.02170565247453054,0.021830607442204653,0.021926823416945903,0.021444672415422875,,0.021042667513034373,0.02111124906706554,0.020567260940730043,0.020423623125996524,0.020425725375286446,0.019838552610002856,0.01930616014308571,,,,0.06974406308187774,0.021935348623599967,0.024413599563099513,,,,,,,,,,,,,,,,,,,,,,,,,,,
829,0.0486412110173031,0.0486412110173031,,,,,,,,,,,,,,,,,,,,,,,,,,,,,,,,,,,,,,,,,,,,,,,,,,,,,,,0.07664349949798802,,0.1086961218145205,0.0968390921311551,0.07664349949798802,0.06866669777128252,0.057636926338303175,,,,,,,,0.02299048360822107,0.022392832064097194,,0.0213822878751688,,0.02225263640660841,0.02237761140294812,0.022476015320948242,0.022162915104639382,,0.021576100179756585,0.021644489705499096,0.02109091710000501,0.020944088094954526,0.02113866715735956,0.020345596284988825,0.019781833627685513,,,,0.06866669777128252,0.021948617959486053,0.02441995125050752,,,,,,,,,,,,,,,,,,,,,,,,,,,
830,0.04103150429601307,,,,,,,,,,,,,,,,,,,,,,0.019183793986007412,0.01975032110865374,0.019073464418039365,0.03838210337828976,,,0.05846841842312072,0.06057223964336808,0.05442019533082541,0.05401997809242165,0.05401997809242165,0.050512893887363235,0.04644542035582453,0.0462773856255026,0.04501444270119678,0.04652112819087492,0.039989323205333556,0.04400605033952609,0.03934860521147793,0.04349362574471618,0.03937165880588247,0.03937165880588247,0.02261497029481292,,0.018916857673314767,0.018757677967181415,,,,,,,,,,0.040436304421949336,,,,,,,,,,,,,,,,,,,,,,,,,,,,,,,,,,,,,,,,,,,,,,,,,,,,,,,,,,,,,,
831,,,0.042919798493766335,0.04310287434366946,0.04310287434366946,0.04143491018705488,0.04000308006673265,0.04143491018705487,0.04143491018705488,0.042944571952781466,0.04499290346677138,0.03831026110631724,0.03831026110631724,0.035708685231781036,0.0324351577896682,,,,,,,,,,,,,,0.04588840931584366,0.04753957437017139,0.04271119804057445,0.04239709116122939,0.04239709116122939,0.03964458784666717,0.03645226803829008,0.03632038750017651,0.03532917817014653,0.036511686647804485,,0.034537750546631114,,0.034135578738596656,,,,,,,,,,,,,,,,,,,,,,,,,,,,,,,,,,,,,,,,,,,,,,,,,,,,,,,,,,,,,,,,,,,,,,,,,,,,,,
832,,0.04118731481215352,,,,,,,,,,,,,,,,,,,,,,,,,,,,,,,,,,,,,,,,,,,,,,,,,,,,,,,0.08397537965390076,,0.1087089820515998,0.09580168725031289,0.08397537965390077,0.07501148510927777,0.062437057803867255,,,,,,,,0.023138305018865837,0.022518496570496593,,0.022564794675149408,,0.022378944979329463,0.022563957743184405,0.02243544911925831,0.0222999531939474,,0.02166848387335006,0.02181310763424385,0.021253296103941798,0.02107127337217484,0.0212701343389404,0.020467254148102933,0.01989754997196581,,,0.019434898922151965,0.07501148510927777,0.023217262948718103,0.025898065941888405,,,,,,,,,,,,,,,,,,,,,,,,,,,
833,,0.04064796538233871,,,,,,,,,,,,,,,,,,,,,,,,,,,,,,,,,,,,,,,,,,,,,,,,,,,,,,,0.08287571891269,,0.10728543386078701,0.094547160568265,0.08287571891269,0.07402920690280163,0.06161944219383256,,,,,,,,0.024004027047761403,0.022894927188784456,,0.022269307843889925,,0.02278503717663473,0.023070210490243662,0.022928737805089708,0.022325872453838786,,0.022064120267338706,0.022855235370120703,0.02199239966222676,0.02183401775942628,0.022243016455480904,0.02183401775942628,0.020513564309917003,,,0.020003492954061675,0.07402920690280163,0.02291323202098313,0.0255589297985693,,,,,,,,,,,,,,,,,,,,,,,,,,,
834,0.03125135233577811,,0.04888071204885697,0.04906738007887751,0.049067380078877516,0.052016626997569475,0.04547951265373902,0.052016626997569475,0.052016626997569475,0.05290625970868218,0.05507545492112228,0.050051431103824894,0.050051431103824894,0.045351112000691515,0.03638902103952232,0.03087160610793301,0.039182578424952194,0.0361358365161718,0.0331036576918383,0.03847068401543847,,,,,,,,,,,,,,,,,,,,,,,,,,,,,,,,,,,,,,,,,,,,,,,,,,,0.023989842894285233,0.023368341341163282,,,,0.023242832637600876,0.02345705829204889,0.023320977135793463,,,,,,,,,,,,,,,,0.03523565687626878,,,,,,,,,,,,,,,,,,,,,,,,,,
835,0.03376508128017044,,0.04596751691632275,0.04600068377866327,0.04600068377866327,0.050586261661143064,0.03601702924878662,0.050586261661143064,0.05058626166114305,0.051626363273015806,0.051626363273015806,0.048165527394622196,0.048165527394622196,0.04446586425510118,0.029255804441210276,0.028277006345092396,0.03986999665424926,,,0.03640047930339195,,,,,,,,,,,,,,0.04446586425510118,0.04631203552518249,,,,,,,,,,,,,,,,,,,,,,,,,,,,,,,,,,,,0.029365963210385922,0.028574453500196315,,,,0.028423423076432114,0.028636913617202667,0.028473688725575586,0.02838494576956732,,,,,,,,,,,,,,,,,,,,,,,,,,,,,,,,,,,,,,,,,
836,0.03344740822176276,,0.047685853144085806,0.047708434686242,0.04770843468624201,0.05326825250161487,0.04220307001490968,0.05326825250161487,0.05326825250161487,0.054683123305990206,0.054683123305990206,0.04989969452386891,0.04989969452386891,0.04510373345264432,0.030908479705106972,0.0328339572132865,0.04040807840803313,0.02937399218892457,0.029020676939691518,0.03659909908079545,,,,,,,,,,,,,,,,,,,,,,,,,,,,,,,,,,,,,,,,,,,,,,,,,,,0.029325038080164078,,,,,0.027899726584287746,0.028210424914420978,0.028043050201552313,0.02735213405792465,,,0.02719801525536257,,,,,,,,,,,,,,,,,,,,,,,,,,,,,,,,,,,,,,
837,,,0.04984849498312547,0.049873431604861615,0.049873431604861615,0.05313841882733611,0.044110767277471985,0.05313841882733611,0.05313841882733611,0.0546544876043152,0.0546544876043152,0.04952075046945658,0.04952075046945658,0.04456615563615339,0.03233549573186011,0.03136965774458904,0.041957411031511974,0.0307033301665171,0.030323428196382403,0.03824921765766262,,,,,,,,,,,,,,,,,,,,,,,,,,,,,,,,,,,,,,,,,,,,,,,,,,,0.02796724343814754,0.02633660376265814,,,,0.02705357163936234,0.027050758222465218,0.02689406836562547,0.027036501465930958,,0.02668469884126116,,,,,,,,,,,,,,,,,,,,,,,,,,,,,,,,,,,,,,,
838,,,0.049773905380294026,0.04979880468871284,0.04979880468871284,0.05305890642567254,0.04404476318621645,0.053058906425672556,0.05305890642567254,0.054572706669409485,0.054572706669409485,0.0494466512792868,0.0494466512792868,0.04449947013542262,0.03228711128645582,0.0313227185077491,0.04189462906335554,0.030657387973006565,0.03027805446009564,0.03819198435594178,,,,,,,,,,,,,,,,,,,,,,,,,,,,,,,,,,,,,,,,,,,,,,,,,,,0.02855203522935152,,,,,0.027119129450748167,0.02722483158714264,0.027062501112538672,0.02715299258112293,,,,0.02677681516252192,,0.026348625976200718,,,,,,,,,,,,,,,,,,,,,,,,,,,,,,,,,,,
839,0.05046497475402207,0.04780518405924112,,,,,,,,,,,,,,,,,,,,,,,,,,,,,,,,,,,,,,,,,,,,,,,,,,,,,,,0.07420521275576457,,0.10569503733233977,0.094379119640413,0.07420521275576457,0.06649357299135755,0.05583907604822535,,,,,,,,0.024915719817738626,0.021972355462835953,,0.02071337108988454,,0.02366530531600117,0.023757545494096557,0.02361588902055189,0.023694855723241558,,0.022372738453140327,0.022227070099262055,0.0233665873147609,0.022557955162058368,0.022992931226511294,0.022114853108898422,0.021930805910913752,,,0.020947050440149564,0.06649357299135755,,0.023574003031469577,,,,,,,,,,,,,,,,,,,,,,,,,,,
840,,,0.04870624598382889,0.048738415388491295,0.048738415388491295,0.051573455737402046,0.0404337817274409,0.051573455737402046,0.051573455737402046,0.052850867223828,0.052850867223828,0.04844135613407368,0.048441356134073674,0.04413696032735268,0.03276869360386032,0.02885862722546202,0.041555984300791236,0.028038538154511256,0.027520668312532998,0.03790749417546996,,,,,,,,,,,,,,,0.046583032331110046,,,,,,,,,,,,,,,,,,,,,,,,,,,,,,,,,,,,0.029363469483960226,,,,,0.027862092587412565,0.02801031717079662,0.02783668156170611,0.027869538503316544,,,,,,0.02776622984545557,,,,,,,,,,,,,,,,,,,,,,,,,,,,,,,,,,,
841,0.0335388513375547,,0.04694363715961019,0.04697318927794244,0.04697318927794244,0.051992749981664026,0.03892035557089209,0.051992749981664026,0.051992749981664026,0.05319234428126412,0.05319234428126412,0.049058987007443274,0.049058987007443274,0.04486667611486288,0.03158269092542176,0.030410312826072813,0.04029714876918263,,,0.03655830815913929,,,,,,,,,,,,,,,0.047168816885070235,,,,,,,,,,,,,,,,,,,,,,,,,,,,,,,,,,,,0.029224879063326627,,,,,0.027730588402134628,0.027878113391508832,0.027705297312008114,0.027737999174622816,,,,0.027373855714811633,,0.027635178115489097,,,,,,,,,,,,,,,,,,,,,,,,,,,,,,,,,,,
842,0.0338760515991213,,0.04611434025263829,0.04614762866340031,0.04614762866340031,0.05074642289861848,0.03612313987915334,0.05074642289861848,0.05074642289861848,0.05178925699999986,0.05178925699999986,0.048319098249352835,0.048319098249352835,0.04460930042811418,0.029353614135751493,0.02836080053652042,0.03999904702454824,,,0.03651856376026995,,,,,,,,,,,,,,0.04460930042811418,0.046646955495659496,,,,,,,,,,,,,,,,,,,,,,,,,,,,,,,,,,,,0.02937791971255451,,,,,0.027937033946162093,0.028094862691100973,0.027919796700928496,0.027877116333947967,,,,,,0.02783092055405368,,,,,,,,,,,,,,,,,,,,,,,,,,,,,,,,,,,
843,0.032134622342319945,,0.04599441570987283,0.046024646045325454,0.046024646045325454,0.04823645527901222,0.03633190512699108,0.04823645527901222,0.04823645527901222,0.04934850317094773,0.051261434458512625,0.04835940278267035,0.04835940278267035,0.04485734238540975,0.02964671090436931,,0.03800319818944427,,,0.037734739580015546,,,,,,,,,,,,,,0.044266912159597244,0.04636456783111521,,,,,,,,,,,,,,,,,,,,,,,,,,,,,,,,,,,,0.03055200668598621,,,,,0.0290574997157509,0.029458250561876235,0.029274976524479645,0.028988488481542632,,,,,,0.028940392399558333,,,,,,,,,0.03430657027918241,,,,,,,,,,,,,,,,,,,,,,,,,,
844,,0.04293787068953266,,,,,,,,,,,,,,,,,,,,,,,,,,,,,,,,,,,0.06882694784961914,,,,,,,,,,,,,,,,,,,,0.08102967575314582,,0.09695636629213271,0.08800865305947128,0.0780197397950846,0.062420754438020705,0.051325624748299874,,,,,,,,0.02428096885372626,0.021404653197063726,,,,0.023095602568401895,0.023422168936145946,0.02327580562553667,0.022981556667402796,,0.02169603398737045,0.02229661243206879,0.022186984047121033,0.022479440231508916,0.022540581052832628,0.022078785354024702,0.021238489419776678,,,0.020288792910829804,0.07436625077690526,,0.019657226372950993,,0.023184414941026674,,,,,,,,,,,,,,,,,,,,,,,,,
845,,0.0430722529136222,,,,,,,,,,,,,,,,,,,,,,,,,,,,,,,,,,,0.06904235485934729,,,,,,,,,,,,,,,,,,,,0.08128327351824452,,0.09725980966118533,0.08828409285998612,0.07826391739374478,0.06261611204835452,0.05148625804230585,,,,,,,,0.02407850452808732,0.021188329128022997,,,,0.022909505114881764,0.02356333037646888,0.023405116241280492,0.022774293061226546,,0.021488699345300632,0.022070290559830105,0.021988190121791432,0.0222757746314924,0.022337716518269417,0.021879900350911988,0.02104799163956646,,,0.02010957062856863,0.07459899408755662,,0.019718747397561857,,0.023256974972391934,,,,,,,,,,,,,,,,,,,,,,,,,
846,0.04132173880617412,0.04772359704925321,,,,,,,,,,,,,,,,,,,,,,,,,,,,,,,,,,,0.064669808954113,,,,,,,,,,,,,,,,,,,,0.07459237134242333,,0.0965527391018474,0.08821667965859702,0.07198173731311829,0.05777484017021846,0.04787115751861404,,,,,,,,0.02477105660264228,0.02179775324225104,,,,0.023568434130835852,0.02424106488097731,0.024078300150571486,0.023429333073685644,,0.022106762784153987,0.022705081873194748,0.022620620041464895,0.022916476130016246,0.022980199605103255,0.022509215612638647,0.021653379331239484,,,0.02068796721632095,0.06854923581537994,,,,0.020680449595165424,,,,,,,,,,,,,,,,,,,,,,,,,
847,0.04137607523822797,0.047786351668573444,,,,,,,,,,,,,,,,,,,,,,,,,,,,,,,,,,,0.06475484716358074,,,,,,,,,,,,,,,,,,,,0.07469045732414335,,0.09667970208790246,0.0883326810602507,0.07207639041561664,0.05785081177180221,0.04793410617404332,,,,,,,,0.024701859965907652,0.021736862371226424,,,,0.02350259695638196,0.02417334874809138,0.024011038692352996,0.023363884470679296,,0.02204500871131438,0.022641656427618808,0.022557430535549587,0.022852460165762336,0.02291600563269136,0.02244633730910424,0.02159289176110083,,,0.020630176473874676,0.06863937531584229,,,,0.020707643558360956,,,,,,,,,,,,,,,,,,,,,,,,,
848,,0.03889444601764969,,,,,,,,,,,,,,,,,,,,,,,,,,,,,,,,,,,,,,,,,,,,,,,,,,,,,,,0.08484192137706052,,0.10401541372135166,0.09210020372898366,0.08105415069421498,0.0725465065574795,0.05991317424103299,,,,,,,,0.024568609921817378,0.021619606509791375,,0.02122668284774288,,0.023375816135626105,0.0240429496691986,0.023881515167856266,0.023237851911182352,,0.021926090606086374,0.022519519806270413,0.022435748256661527,0.02272918639897465,0.022792389080531168,0.022325254304009418,0.021476412524995762,,,,0.07633427724032504,0.02122668284774288,0.02424090855079121,,0.026674681882623553,,,,,,,,,,,,,,,,,,,,,,,,,
849,0.048373268078521055,0.04587580562204535,,,,,,,,,,,,,,,,,,,,,,,,,,,,,,,,,,,,,,,,,,,,,,,,,,,,,,,0.07603640164854654,,0.10286530151545024,0.09208085001656531,0.07289578885014163,0.0654271577301933,0.054550134852727375,,,,,,,,0.025374365784510446,0.02233448835621844,,,,0.024142766236679342,0.02483467939409256,0.024667640954535185,0.024005056905320808,,0.022643356458460474,0.02325816718580195,0.02316993568278926,0.02347267242010778,0.02340465788612824,0.023054824025208483,0.02219115238024225,,,0.0212009794341885,0.06856777052859822,,0.022633970918955585,,0.022938807133971714,,,,,,,,,,,,,,,,,,,,,,,,,
850,0.04873270077102218,0.04621668117150427,,,,,,,,,,,,,,,,,,,,,,,,,,,,,,,,,,,,,,,,,,,,,,,,,,,,,,,0.07660138246663538,,0.10362963176968534,0.0927650474909952,0.07343743366140118,0.06591330763074346,0.054955464131174886,,,,,,,,0.025045088647869772,0.022033982273892944,,,,0.023824820550252947,0.025022977971152945,0.024849679929896788,0.02365411841763465,,0.022295853134039614,0.02304060321739544,0.02283962119659903,0.022317463929714204,0.02321977729956685,0.02190343417055911,0.021856976172772654,,,0.02085529557293494,0.06907725643597765,,0.02280215035839695,,0.0231092516281817,,,,,,,,,,,,,,,,,,,,,,,,,
851,0.0487900554731875,0.04627107470893854,,,,,,,,,,,,,,,,,,,,,,,,,,,,,,,,,,,,,,,,,,,,,,,,,,,,,,,0.07669153649888301,,0.10375159600666821,0.09287422493419085,0.07352386396525869,0.06599088260746508,0.05502014255506136,,,,,,,,0.024985640792089443,0.021980970255041768,,,,0.02376782329453075,0.024938609483469064,0.02477740741616518,0.02359918539003181,,0.022244557173893235,0.022985234855204158,0.022786493097061714,0.022265648102564196,0.023165800287112737,0.02185249826847344,0.021806139345644373,,,0.02080662411446877,0.06915855514108943,,0.022828986764379857,,0.023136449469126852,,,,,,,,,,,,,,,,,,,,,,,,,
852,0.04882411049077246,0.04630337150072543,,,,,,,,,,,,,,,,,,,,,,,,,,,,,,,,,,,,,,,,,,,,,,,,,,,,,,,0.07674506649795267,,0.10382401368261075,0.09293905030347255,0.07357518295754036,0.06603694364686846,0.05505854611710014,,,,,,,,0.02494872905372412,0.021948531925881906,,,,0.02373273099172931,0.02490303687724592,0.024742063471562277,0.023564296171100414,,0.022211586258728783,0.02295130584597002,0.0227528131164498,0.02223273186798597,0.023131558583566688,0.02182019759203228,0.021773907651536757,,,0.02077587851576113,0.06920682718728076,,0.022844921190733093,,0.02315259850166808,,,,,,,,,,,,,,,,,,,,,,,,,
853,,0.040222404302050305,,,,,,,,,,,,,,,,,,,,,,,,,,,,,,,,,,,,,,,,,,,,,,,,,,,,,,,0.08869346672958182,,0.10466932212841598,0.096177381524397,0.08467439230814494,0.075746352420776,0.062437556756776376,,,,,,,,0.023139025531521258,0.020447545675793776,,0.020961566871050604,,0.022105875279167422,0.023193091921047057,0.02304153643491582,0.021844518716494805,,0.020577948796113976,0.021381534937072327,0.021178694561636614,0.020095898034348185,0.02143944314623569,0.01971019858581874,0.020180159915789093,,,0.019247862231944836,0.0797654268422129,,0.020961566871050604,,0.028107229477643884,,,,,,,,,,,,,,,,,,,,,,,,,
854,0.04854288850714904,0.04604767266293701,,,,,,,,,,,,,,,,,,,,,,,,,,,,,,,,,,,,,,,,,,,,,,,,,,,,,,,0.07668854645298409,,0.10356131355880427,0.09275254936701842,0.07353292383246292,0.06749682555390464,0.05485321220130532,,,,,,,,0.025004496342667222,0.022104550975026477,,,,0.023889931397586318,0.025061779375718008,0.024897745475906143,0.023611591535556083,,0.02223528031165438,0.02317942273092719,0.022884413090918543,0.02171369527516473,0.02300898569230327,0.021296220783042597,0.021819396509018648,,,0.020811593255865162,0.06919238914875077,,0.02272112064975416,,0.02309145531357478,,,,,,,,,,,,,,,,,,,,,,,,,
855,0.04012704601098288,0.03839092840819186,0.07156013686654185,,,,,,,,,,,,,,,,,,,,,,,,,,,,,,,,,,,,,,,,,,,,,,,,,,,,,,0.07764158017966219,,0.09690280325,0.08841186319018658,0.06605516346475993,0.059088800796224195,0.04787498393321735,,,,,,,,0.024108153936104004,0.02130606241221311,,,,0.023033866208345657,0.024143485495524718,0.023986063408033966,0.022781000756619204,,0.021653105808780927,0.022349577156446348,0.02208139830329015,0.02095601640633367,0.02218953219786933,0.020542881441919545,0.021057650448834498,,,0.020074462738289785,0.07156013686654183,,,,0.03212330031508651,,,,,,,,,,,,,,,,,,,,,,,,,
856,0.040279493758156704,0.03853678042396542,0.07183200292041904,,,,,,,,,,,,,,,,,,,,,,,,,,,,,,,,,,,,,,,,,,,,,,,,,,,,,,0.07793655040952076,,0.09727094931403488,0.08874775109389858,0.06630611542510718,0.05931328665950257,0.048056867081172065,,,,,,,,0.023739447054968565,0.02147340145562648,,,,0.02240517009208613,0.024180409439506417,0.02402418577482898,0.022829238038222656,,0.02169118133582245,0.022349461210268432,0.021723622521130852,0.02061758187869016,0.021826387342604028,0.020211425519835444,0.020768173918537903,,,0.01980317359643622,0.07183200292041904,,,,0.03224534081523901,,,,,,,,,,,,,,,,,,,,,,,,,
857,0.041789098688701246,0.03951137310896595,,,,,,,,,,,,,,,,,,,,,,,,,,,,,,,,,,,,,,,,,,,,,,,,,,,,,,,0.06166186304340346,,0.08537092920747683,0.07591334374491565,0.05264266927805529,0.04533172615157316,0.04488672066955042,,,,,,,0.06148828975984258,0.017454907696801802,,,0.017075666286659474,,0.016477664843983504,0.017833917388498207,0.017716636621910222,0.016466430425841345,,,,,,,,,,,,0.05537490743447367,0.017075666286659474,0.01946734383740455,,0.019062375048248537,0.05462170434235539,0.05462170434235539,0.05462170434235539,0.037844452483322764,0.037844452483322764,0.037844452483322764,,,,,,,,,,,,,,,,,,,
858,0.04235839788640666,0.04004964250737381,,,,,,,,,,,,,,,,,,,,,,,,,,,,,,,,,,,,,,,,,,,,,,,,,,,,,,,0.06250189190885307,,0.0865339502591446,0.07694752268261074,0.053359828305779705,0.045949287097812715,0.04549821923895392,,,,,,,0.059928906997458745,0.01784012634849259,,,0.01730829066532091,,,0.01797921604788216,0.01785788642549421,0.016522623519213134,,,,,,0.01650855021922186,,,,,,0.05612928815491695,0.01730829066532091,0.01973255040026077,,0.019322064660177444,0.05323646262338464,0.05323646262338464,0.05323646262338464,0.036884692713050386,0.0368846927130504,0.036884692713050386,,,,,,,,,,,,,,,,,,,
859,0.041156422470088945,0.03891318107048776,,,,,,,,,,,,,,,,,,,,,,,,,,,,,,,,,,,,,,,,,,,,,,,,,,,,,,,0.0607283182777338,,0.08407843527089409,0.07476403522260155,0.05184567278898041,0.04464541546326678,0.044207147249920864,,,,,,,0.06248300899626824,0.018321587361125845,,,,,0.01694191950984839,0.01846607419256527,0.01834140717159949,0.016968350616308175,,,,,,0.01695289477437714,,,,,,0.054536545561617064,0.016817145085783466,0.019172613252827368,,0.01877377558710351,0.055505340238684725,0.0555053402386847,0.0555053402386847,0.038456676453515914,0.038456676453515914,0.03845667645351592,,,,,,,,,,,,,,,,,,,
860,0.041179504851930504,0.0389350053411661,,,,,,,,,,,,,,,,,,,,,,,,,,,,,,,,,,,,,,,,,,,,,,,,,,,,,,,0.06076237746332267,,0.0841255902574329,0.07480596627261636,0.05187475018551598,0.04467045463006869,0.044231940616100605,,,,,,,0.062457831049590774,0.018292288579467936,,,0.016826576900821254,,0.016914827010121095,0.01843654435624799,0.018312076695291536,0.016941215849543535,,,,,,0.016925784723666255,,,,,,0.05456713212122117,,0.019183366120871816,,0.018784304768959013,0.05548297399033506,0.05548297399033507,0.05548297399033506,0.0384411800783462,0.0384411800783462,0.0384411800783462,,,,,,,,,,,,,,,,,,,
861,0.056673783918317164,0.054223998952318636,,,,,,,,,,,0.07183678009207141,,,,,,,,,,,,,,,,,,,,,,,,,,,,,,,,,,,,,,,,,,,,0.0722791075793454,,0.09938514682101154,0.0906845599165234,0.05452340963901128,0.04781990982282883,0.04608857848114778,,,,,,,,0.0250629469863591,0.0221575333143386,,,,0.02316580301192149,0.02515318115678571,0.024986820548952536,0.02367597009323345,,0.021440605120675634,0.022131989499802267,0.022953138866759152,0.0217780366639038,0.023219328493256235,0.021344575884255628,0.021922702738970432,,,0.020890764070362944,0.06642681076024247,,,,0.02017451756760509,,,,,,,,,,,,,,,,,,,,,,,,,
862,0.05509114187461452,0.05270976830480596,,,,,,,,,,,0.0698307042559883,,,,,,,,,,,,,,,,,,,,,,,,,,,,,,,,,,,,,,,,,,,,0.07026067954035566,,0.09660976990061408,0.08815215097334407,0.05300081780739668,0.04648451637317393,0.044801533272663334,,0.028864048164286386,0.027161609025709934,0.026459303535866802,0.025475590476378,0.02447395084008784,0.023787120322614864,0.022782171172384232,,,,0.0240699142756847,0.021014353560859553,0.0226321880444148,0.0224915565045837,0.021075892870311055,0.02301657121168307,,,,,,,,,,,0.06457181085958717,,,,,0.02276346882040811,,0.02241936801218318,,,,,,,,,,,,,,,,,,,,,,
863,0.0542836029605594,0.051937136124593795,,,,,,,,,,,0.06880710937006398,,,,,,,,,,,,,,,,,,,,,,,,,,,,,,,,,,,,,,,,,,,,0.06923078197559053,,0.09519364117251074,0.08685999601255824,0.05222391935512589,0.04580313539984421,0.04414482186142859,,0.02968379096905335,0.027933002332635903,0.027210751273523678,0.026199100632380297,0.025169014297271426,0.02446267770180176,0.023251147471068816,,,,0.024753503040730606,,0.023103803814511402,0.022959340669732375,0.021545602203954323,0.023670244893690323,,,,,,,,,,,0.06362530206986554,,,,,0.023409954360858222,,0.023056081043938335,,,,0.021482538992708276,,,,,,,,,,,,,,,,,,
864,0.05162798864720781,0.04871829979439846,,,,,,,,,,,,,,,,,,,,,,,,,,,,,,,,,,,,,,,,,,,,,,,,,,,,,,,0.07689221023104353,,0.0993045496334513,0.09463458779250764,0.06547206520475483,0.056255437259906685,0.0556739529341099,,0.028737695307769578,0.02810670053954714,0.02619714793501001,0.025123666880039863,0.025267765293961932,0.022902631420797574,0.023278126059888347,,,,0.023627838381315464,0.02138972815946511,0.022867541881224657,0.022783582857880326,0.021702535018991807,0.022450471314322866,,,,,,,,,,,0.06898464778667489,,,,0.024149355553056664,0.022045072996094244,,0.021806401116579437,,,,,,,,,,,,,,,,,,,,,,
865,0.05549321881686828,0.05229010424194753,,,,,,,,,,,,,,,,,,,,,,,,,,,,,,,,,,,,,,,,,,,,,,,,,,,,,,,0.07673613802167721,,0.10473212484845289,0.09969956312166178,0.06833897753379332,0.058535466653280285,0.058535466653280285,,0.027009606957439085,0.02641350745567609,0.024593154406811573,0.023594797263871276,0.02371731020366593,0.021970918719145655,0.021795960385144263,,,,0.022198430944997568,0.02002052986290295,0.021407766200594824,0.02132930068706423,0.020316171227964232,0.021114430698623583,,,,,0.019698913710086138,,,,,,0.06833897753379332,,,,,0.021171037603110232,,0.02094812624814728,,,,,,,,,,,,,,,,,,,,,,
866,0.05550731415429372,0.05230338598481656,,,,,,,,,,,,,,,,,,,,,,,,,,,,,,,,,,,,,,,,,,,,,,,,,,,,,,,0.07675562908348978,,0.1047587269211114,0.09972488691821438,0.06835633570778621,0.058550334724937037,0.058550334724937037,,0.02692947391154667,0.026032575893436424,0.024526716322450112,0.023389526489463925,0.02365131873041098,0.021898021117045644,0.021999450413341802,,,,0.022135444818826844,0.020214592624404754,0.02160123959004157,0.021521926060773636,0.020510573979066107,0.020930535733334282,,,0.019819995153646304,,,,,,,,0.06835633570778621,,,,,0.021098925469093588,,0.0208763997657451,,,,,,,,,,,,,,,,,,,,,,
867,0.05581399388283546,0.05259236390529475,,,,,,,,,,,,,,,,,,,,,,,,,,,,,,,,,,,,,,,,,,,,,,,,,,,,,,,0.07717970644788796,,0.10533752231815115,0.10027587018438215,0.06873400670121059,0.05887382724178911,0.05887382724178911,,0.026956119488147943,0.02605818405401071,0.024551743537523412,0.023414271994724598,0.023675404762419264,0.021922501509778484,0.0215022531789451,,,,0.022159670533184402,0.019128004582069806,0.0209469560718994,0.020871804772733583,0.02002021655081996,0.021066578755876718,,,0.019286879137768668,,,,,,,,0.06873400670121059,,,,,0.02112375912788825,,0.02090052731765873,,,,,,,,,,,,,,,,,,,,,,
868,0.05551709402206032,0.05231260135051155,,,,,,,,,,,,,,,,,,,,,,,,,,,,,,,,,,,,,,,,,,,,,,,,,,,,,,,0.07676915270491189,,0.10477718442553761,0.09974245750727928,0.0683683794525506,0.05856065074436665,0.05856065074436665,,0.02665858709569759,0.025765353534051447,0.024262334538383182,0.023138017632216745,0.023476904163176642,0.02175251812807689,0.02229347826969314,,,,0.021887820610164654,,0.022026999099410097,0.021939597037068832,0.020787767251462346,0.020788028756738734,,,0.020030592468660385,,0.020527083154451935,,,,,,0.06836837945255061,,,,,0.020952374207527425,,0.020735993649084697,,,,,,,,,,,,,,,,,,,,,,
869,0.055881205386616485,0.05265569590538232,,,,,,,,,,,,,,,,,,,,,,,,,,,,,,,,,,,,,,,,,,,,,,,,,,,,,,,0.07727264665465103,,0.10546437031427261,0.10039662291249177,0.0688167765521011,0.05894472341292808,0.05894472341292808,,0.0265518673472922,0.025671333534247262,0.02417289953846057,0.02304856336423562,0.02339108592740922,0.02137339193395808,0.021792789078426997,,,,0.02180203086459583,,0.02153229476338475,0.021446855663815798,0.020320894821442614,0.020690221265891717,,,0.019580725425824383,,0.020066065428132055,,,,,,0.06881677655210107,,,,,0.020848778271697562,,0.020516661667712766,,,,,,,,,,,,,,,,,,,,,,
870,0.04690169721049206,0.044194492382110734,0.04207478332685717,0.04207478332685717,0.04207478332685717,,,,,,,,0.040402014176255614,,,,,,,0.040402014176255614,,,0.009492889568544693,0.009877988863333737,0.009627463017744678,,,,,,,,,0.040402014176255614,0.04230701577879479,,0.040402014176255614,,,,,,,,,,,,,,,,,,,,0.0648557641334949,,0.08851738126894264,0.08426396632319937,0.057758661333775524,0.04947294086701066,0.04947294086701066,,,,,,,,,,0.014824938975434158,0.014824938975434158,,,,,,,,,,,,,,,,,0.057758661333775524,,,0.041600210330291675,0.01539127318496531,,,,,,,,0.011024368900050747,,,,,,,,,,,,,,,,,
871,0.0548293408151685,0.05166454582863262,,,,,,,,,,,,,,,,,,,,,,,,,,,,,,,,,,,,,,,,,,,,,,,,,,,,,,,0.07581812614465656,,0.10347919061179213,0.09850683456587236,0.0675214227980866,0.05783519354858645,0.05783519354858645,,0.027757810520538197,0.027088825656724828,0.025524726232911896,0.024319378841741027,0.02471764840960061,0.021069065998164303,0.022136451628802935,,,,0.023089258710017994,,0.021849996863491556,0.02176279966095569,0.020673244874335545,0.021887835324865258,,,,,0.020374365265751565,,,,,,0.0675214227980866,,,,,0.02157067149732566,,0.021236329854930774,,,,0.019930320000373897,,,,,,,,,,,,,,,,,,
872,0.05641116433882851,0.05315506518771878,,,,,,,,,,,,,,,,,,,,,,,,,,,,,,,,,,,,,,,,,,,,,,,,,,,,,,,0.0780054749924155,,0.10646455967670247,0.10134875142719042,0.06946941220202739,0.05950373576139513,0.05950373576139513,,,,,,,,0.02442309979648944,0.02008217889123746,,,,0.0218416645892809,0.023980874034046893,0.023913098124689426,0.023289614580692234,,0.020826032032274004,0.020258322272157552,0.022426359109891585,0.02131117444240521,0.022511945622755086,0.020859164855014767,0.02164689222331881,,,0.02058954455655699,0.06946941220202739,,,,,,,,,,,,,0.019764508430260716,0.018944214889228247,,,,,,,,,,,,,,,
873,0.05158096047557036,0.05158096047557036,,,,,,,,,,,,,,,,,,,,,,,,,,,,,,,,,,,,,,,,,,,,,,,,,,,,,,,0.07704221381930666,,0.10436146461687126,0.09931190059194343,0.06859160473206252,0.058720412641989086,0.058720412641989086,,0.027283032622830702,0.027283032622830702,0.025699718672823613,0.024272771247168028,0.024889910278628448,0.020429373100933047,0.021924096403254587,,,,0.023202871476128907,,0.021690751858469883,0.021547605461664822,0.020475096418458252,0.021220218595294243,,,,,0.020178936376091205,,,,,,0.06859160473206252,,,,,0.020878041071710075,,0.02054403188285388,,,,0.01997897718349427,,,,,,,,,,,,,,,,,,
874,0.052156522816603955,0.052156522816603955,,,,,,,,,,,,,,,,,,,,,,,,,,,,,,,,,,,,,,,,,,,,,,,,,,,,,,,0.07790188367685522,,0.10552597431841176,0.10042006510594596,0.06935697909172636,0.05937564003316355,0.05937564003316355,,0.026911006602969,0.026911006602969,0.025349282407853006,0.023941792554185735,0.024550516400254224,0.020150802222538466,0.021167848596482346,,,,0.022886481724155226,,0.020953468789967813,0.02081400016086538,0.01976453009911877,0.020930863904643156,,,,,0.01947839534938665,,,,,,0.06935697909172636,,,,,0.02059335224588219,,0.020263897540057457,,,,0.019706547814470846,,,,,,,,,,,,,,,,,,
875,0.052430200736071,0.05243020073607099,,,,,,,,,,,,,,,,,,,,,,,,,,,,,,,,,,,,,,,,,,,,,,,,,,,,,,,0.07831065374617542,,0.10607969468820605,0.10094699353228252,0.06972091197515663,0.05968719841078851,0.05968719841078851,,0.026692211271762873,0.026048908180212996,0.024544853231802465,0.023385778124016283,0.023768758454563464,0.020260242085938594,0.021460035820573445,,,,0.02220288128057449,,0.020920537377704572,0.020433851437465633,0.020041109679178302,0.021047579539480565,,,0.019266810978562,,0.01974880213767496,,,,,,0.06972091197515663,,,,,0.02074259136737008,,0.020421084822423056,,,,,,,,,,,,,,,,,,,,,,
876,0.052084879219841014,0.052084879219841014,,,,,,,,,,,,,,,,,,,,,,,,,,,,,,,,,,,,,,,,,,,,,,,,,,,,,,,0.0777948755628204,,0.10538102101355537,0.10028212541474653,0.06926170848750654,0.05929408006362657,0.05929408006362657,,0.02692851361268748,0.026270556574154096,0.024737637430084843,0.023578394384257417,0.02394416528005795,0.020589274271368776,0.02175461301915482,,,,0.022458858522413135,,0.021203758244154554,0.02071073995420929,0.02031672260721643,0.021377269069969812,,,0.019532115645426507,,0.020020394979284314,,,,,,0.06926170848750654,,,,,0.021083464312288976,,0.02075416456020119,,,,,,,,,,,,,,,,,,,,,,
877,0.051697031805796274,0.051697031805796274,,,,,,,,,,,,,,,,,,,,,,,,,,,,,,,,,,,,,,,,,,,,,,,,,,,,,,,0.07721557996369616,,0.10459630658008247,0.09953537964899645,0.06874595468464532,0.0588525497007784,0.0588525497007784,,0.02760913438732925,0.02693454742128897,0.025362883598240925,0.024174340572800906,0.0245493563632147,0.021109670161221696,0.021412672879644084,,,,0.023026508334242805,,0.021228531378318698,0.020777738512993634,0.019437886044198965,0.021917581604237336,,,,,0.01968030519247738,,,,,,0.06874595468464531,,,,,0.021616350903014187,,0.021278728067982457,,,,0.019945426003578844,,,,,,,,,,,,,,,,,,
878,0.05178279232771597,0.05178279232771597,,,,,,,,,,,,,,,,,,,,,,,,,,,,,,,,,,,,,,,,,,,,,,,,,,,,,,,0.07734367336106748,,0.10476982203212773,0.09970049949843461,0.06885999776889376,0.05895018055505266,0.05895018055505266,,0.027615127966063552,0.026940394556095065,0.02536838954557133,0.024179588503124985,0.024554685704518023,0.021114252792042036,0.02117930647975722,,,,0.023031507085335152,,0.020997171847890655,0.020551291956703244,0.01922604189409951,0.02192233962197043,,,,,0.01946581903293728,,,,,,0.06885999776889376,,,,,0.021621043527537208,,0.0212833473990434,,,,0.019949755892356393,,,,,,,,,,,,,,,,,,
879,0.051841986138612656,0.051841986138612656,,,,,,,,,,,,,,,,,,,,,,,,,,,,,,,,,,,,,,,,,,,,,,,,,,,,,,,0.0774320862598161,,0.10488958623861931,0.09981446887413505,0.06893871283046252,0.059017567532139895,0.059017567532139895,,0.02742754631363208,0.026757394503262758,0.025196071179635498,0.024015367200321814,0.024387794137275584,0.020970932031254847,0.02139798308504224,,,,0.02287509978376358,,0.02134596439034479,0.020866543540132614,0.019284759981728756,0.021773508177574303,,,,,0.01953969136547957,,,,,,0.06893871283046252,,,,,0.021475573163519134,,0.021138877135959917,,,,0.019814219636071943,,,,,,,,,,,,,,,,,,
880,0.051986923210166826,0.05198692321016683,,,,,,,,,,,,,,,,,,,,,,,,,,,,,,,,,,,,,,,,,,,,,,,,,,,,,,,0.07764856677421651,,0.10518283097321164,0.1000935248651357,0.0691314480225064,0.05918256571306391,0.05918256571306391,,0.027230022369890215,0.026564696766975846,0.025014617567661154,0.02384241662043495,0.02421216146412009,0.02081990644728939,0.02142366551335713,,,,0.022710361025468903,,0.021333090043993374,0.020853348575440734,0.019308883771824145,0.021616702710721712,,,,,0.019564250921719085,,,,,,0.0691314480225064,,,,,0.02132091332421492,,0.020986642067958437,,,,0.019671524304891733,,,,,,,,,,,,,,,,,,
881,0.05351340229673544,0.05351340229673544,0.020889139685952463,0.020889139685952463,0.020889139685952463,,,,,,,,,,,,,,,,,,,,,,,,,,,,,,,,,,,,,,,,,,,,,,,,,,,,0.07992854231352078,,0.10827128825885629,0.10303254612226764,0.07116133752383244,0.06092032865943496,0.06092032865943496,,0.02508486155463925,0.024470462182029546,0.023038544215390627,0.021733394378712915,0.022298745715422973,0.019169864653836632,0.020307914023366614,,,,0.020912514888657526,,,0.01940339208254917,,0.019903369732727067,,,,,,,,,,,0.07116133752383244,,,0.019631671480433446,,0.01963143373202206,,0.01932389864770423,,,,,,,,,,,,,,,,,,,,,,
882,0.051996690484859893,0.051996690484859893,,,,,,,,,,,,,,,,,,,,,,,,,,,,,,,,,,,,,,,,,,,,,,,,,,,,,,,0.07766315534446407,,0.10520259266595412,0.10011233038183076,0.06914443640114219,0.059193684901134004,0.059193684901134004,,0.027351110089671272,0.026674857412979442,0.025102987617575838,0.02376311832160195,0.024288365941204645,0.02101447714554029,0.021453760375577637,,,,0.022862930417258426,,0.020440842358447432,0.020320663360468925,0.019380222039095597,0.021815480060783852,,,,,0.019577298379027164,,,,,,0.06914443640114222,,,,,0.021524459373038773,,0.021184279116878073,,,,0.01959744602432948,,,,,,,,,,,,,,,,,,
883,0.05139374822860137,0.05139374822860137,0.028519634127036883,0.028519634127036887,0.028519634127036883,,,,,,,0.025365057936520725,0.025365057936520725,,,,,,,0.025365057936520725,,,,,,,,,,,,,,0.025365057936520725,,,,,,,,,,,,,,,,,,,,,,,0.0767625903724457,,0.10398268639894419,0.09895144968352373,0.06834265263177776,0.058507287870904985,0.058507287870904985,,0.02090374871510233,0.020386652333310475,0.019186131716251408,0.018162899052729404,0.018563394073314688,,,,0.017480094569055044,0.017480094569055044,0.017475357732600283,,,,,,,,,,,,,,,,0.06834265263177773,,,0.02715838919390601,,,,,,,,,,,,,,,,,,,,,,,,,,
884,0.051451909326739986,0.051451909326739986,0.02916432939472146,0.02916432939472146,0.02916432939472146,,,,,,,0.022991867776062172,0.022991867776062172,,,,,,,0.025777877472734922,,,,,,,,,,,,,,0.025777877472734922,,,,,,,,,,,,,,,,,,,,,,,0.07684946079357488,,0.10410036116361533,0.09906343071573806,0.06841999440706703,0.058573499194829994,0.058573499194829994,,0.0210166476619317,0.020496758497002738,0.01928975399443777,0.018260994958988544,0.01866365301103056,,0.017563514018458855,,,0.01749987638164402,0.017569740300548562,,,,,,,,,,,,,,,,0.06841999440706703,,,0.02770252396399655,,,,,,,,,,,,,,,,,,,,,,,,,,
885,0.04314143917490368,0.04314143917490368,0.0441507987738175,0.0441507987738175,0.0441507987738175,,,,,,,0.036109880575982176,0.036109880575982176,,0.02140241668931806,,,,,0.040048164993274654,,,,,,,,,,,,,,0.040048164993274654,,,0.040048164993274654,,,,,,,,,,,,,,,,,,,,0.06443679898050192,,0.08728615629608102,0.08306278671876616,0.0573688530840524,0.049112755694408275,0.049112755694408275,,,,,,,,,,0.014673310716083859,0.014673310716083859,,,,,,,,,,,,,,,,,0.0573688530840524,,,0.04238240668798801,0.016214176185744764,,,,,,,,,,,0.010601962883154278,0.010601962883154278,0.010601962883154278,,,,,,,,,,,,
886,0.052372496849891086,0.052372496849891086,0.04341766719336084,0.04341766719336084,0.043417667193360834,,,,,,,0.035510269820299284,0.035510269820299284,,0.02104702589212286,,,,,0.039383158349876844,,,,,,,,,,,,,,0.039383158349876844,,,0.039383158349876844,,,,,,,,,,,,,,,,,,,,0.06624463848561676,,0.09300833094854852,0.09040859817563211,0.06624463848561676,,0.05741461341719572,,,,,,,,,,,0.016903914159412906,,,,,,,,,,,,,,,,,0.05741461341719572,,,0.041678639561193734,0.015944937011301848,,,,,,,,,,,0.009904408095213868,0.009904408095213868,,0.009904408095213868,0.009904408095213868,0.009904408095213868,,,,,,,,,
887,0.053511598695168715,0.053511598695168715,0.040091305924686405,0.040091305924686405,0.03673446597188845,,,,,,,0.033624208934444504,0.033624208934444504,0.03331076877334935,0.017447515498007406,,,,,0.03701264023367627,,,,,,,,,,,,,,0.03701264023367627,,,0.03701264023367627,,,,,,,,,,,,,,,,,,,,0.06768545942174657,,0.09503126221557108,0.0923749852529181,0.06768545942174657,,0.058663381301546934,,,,,,,,,,,0.017271574304900925,,,,,,,,,,,,,,,,,0.058663381301546934,,,0.03877090074876917,0.013102576088959223,,,,,,,,,,,0.009437784420163796,,0.009452768628929764,0.009437784420163796,,0.009437784420163796,,,,,,,,,
888,0.04938219535224074,0.04938219535224074,0.03892148220743462,0.03892148220743462,0.03603571683502323,,0.015091289180364469,,,,,0.03225098158559129,0.03225098158559129,0.03190868433122397,0.015091289180364469,,,,,0.03516771198710173,,,,,,,,,,,,,,0.03516771198710173,,0.035167711987101724,0.035167711987101724,,,,,,,,,,,,,,,,,,,,0.062061937112534125,,0.09367985324250107,0.08448185879460605,0.062061937112534125,,0.05390429196177639,,,,,,,,,,,0.016705252767493302,,,,,,,,,,,,,,,,,0.05390429196177639,0.022036452116545226,0.022036452116545226,0.037897419587012045,0.011323107460759759,,,,,,,,,,,,,,,,,,,,,,,,,
889,0.047479217818811904,0.047479217818811904,0.04027910538773469,0.04027910538773469,0.037292681413946996,,0.015617689585741655,,,,,0.033375930526504574,0.033375930526504574,0.03302169357558085,,,,,,0.03639439962292578,,,,,,,,,,,,,,0.03639439962292578,,0.03639439962292578,0.03639439962292578,,,,,,,,,,,,,,,,,,,,0.05967033683709465,,0.09006983439291787,0.08122629111233313,0.05967033683709464,,0.05182705226380508,,,,,,,,,,,0.016061504135419836,,,,,,,,,,,,,,,,,0.05182705226380508,0.02118726197837607,0.021187261978376067,0.03921932236118382,,,,,,,,,,,,,,,,,,0.01759071548229786,0.016684859824220938,,,,,,,
890,,0.04124874480375675,0.039989930448683854,0.039989930448683854,0.037257786333447486,,0.015732283266008163,,,,,0.030252276408485233,0.0332596867305416,0.029849431996318,0.015732283266008163,,,,,0.03602871438998504,,,,,,,,,,,,,,0.03602871438998504,,0.03602871438998504,0.03602871438998504,,,,,,,,,,,,,,,,,,,,0.06934258367469671,,0.09303230983081406,0.08252917680176841,0.06934258367469671,,0.05978622863471695,,,,,,,,,,,0.01769967819852795,,,,,,,,,,,,,,,,,0.05978622863471695,0.024004524171833224,0.024004524171833224,0.03890873903639451,,,,,,,,,,,,,,,,,,0.017519192192963915,0.016617019715164254,,,,,,,
891,,0.040678860974972586,0.0433310964303552,0.0433310964303552,0.04022930477025286,,0.018797194977952937,,,,,0.031541001289776355,0.034988177264580256,0.03095735731816004,0.018797194977952937,,,,,0.03814846466987783,,,,,,,,,,,,,,0.03814846466987783,,,0.03814846466987783,,,,,,,,,,,,,,,,,,,,0.06838456138164689,,0.09174699535205226,0.081388971360707,0.06838456138164689,,0.05896023489733138,,,,,,,,,,,0.0174551432332093,,,,,,,,,,,,,,,,,0.05896023489733138,0.02367288280411964,0.02367288280411964,0.04191532416569644,,,,,,,,,,,,,,,,,,0.017061656146094843,0.016184511414274606,0.015115361717777923,,,,,,
892,,0.055976073440409724,0.018971806402793463,0.018971806402793463,0.01761373804715323,,,,,,,,,,,,,,,0.01670267650494335,,,,,,,,,,,,,,0.01670267650494335,,,0.01670267650494335,,,,,,,,,,,,,,,,,,,,0.09410045262684132,,0.1262482878496297,0.11199514757626294,0.09410045262684132,,0.08113212512777475,,,,,,,,0.01888530438949824,,,0.02401911843441562,,0.017547216668275814,0.01699381849580401,0.016909893408238542,0.018255971749491312,,,,0.018008110572038584,,0.018043311756633252,,0.01748522036798593,,,,0.08113212512777475,0.032575027781748415,0.032575027781748415,0.018351933851017136,,,,,,,,,,,,,,,,,,,,,,,,,,
893,,0.05635102918401026,0.020173828760031584,0.020173828760031584,0.020173828760031584,,,,,,,0.01649969122907597,0.01649969122907597,,,,,,,0.018299211909319595,,,,,,,,,,,,,,0.018299211909319595,,,0.018299211909319598,,,,,,,,,,,,,,,,,,,,0.09473078453508793,,0.12709396204110987,0.11274534710363449,0.09473078453508793,,0.08167558869064083,,,,,,,,0.016285980290282907,,,0.024180010505968186,,0.015164942223321503,,,0.015786250587831625,,,,0.015530699578187226,,0.015558122372317481,,0.015120144773785675,,,,0.08167558869064083,0.0327932316144577,0.0327932316144577,0.019365797192972472,,,,,,,,,,,,,,,,,,,,,,,,,,
894,,0.05592418048157402,0.01763106865328463,0.01763106865328463,0.01763106865328463,,,,,,,,,,,,,,,,,,,,,,,,,,,,,,,,,,,,,,,,,,,,,,,,,,,,0.09401321623074466,,0.1261312486076501,0.11189132179453568,0.09401321623074466,,0.08105691109844508,,,,,,,,0.019441239087122034,,,0.023996851364798566,,0.018002533066303752,0.016792242267391764,0.01695004241742275,0.018807096655837845,,0.017189438844627473,,0.018544924812952966,,0.018949026166981374,0.01716956814333663,0.018013647529805162,,,0.017016503900469267,0.08105691109844508,0.03254482890440934,0.03254482890440934,0.017057016432138476,,,,,,,,,,,,,,,,,,,,,,,,,,
895,,0.055911986941771054,0.01763413164780445,0.01763413164780445,0.01763413164780445,,,,,,,,,,,,,,,,,,,,,,,,,,,,,,,,,,,,,,,,,,,,,,,,,,,,0.0939927178723558,,0.126103747330259,0.11186692534787952,0.0939927178723558,,0.08103923769378765,,,,,,,,0.019484827520520574,,,0.023991619163633657,,0.018038244980575175,0.016673909761389695,0.016840353395253912,0.01884966803871607,,0.01724187141424796,,0.018587173878458815,,0.018992945134770532,0.01720807059628028,0.01805406758168851,,,0.017052837284670858,0.08103923769378765,0.032537732927978215,0.032537732927978215,0.017059979698227645,,,,,,,,,,,,,,,,,,,,,,,,,,
896,,0.05802561164878523,0.042293387817315044,0.042293387817315044,0.042293387817315044,,,,,,,0.03459074865351287,0.03459074865351287,,0.020502023392743218,,,,,0.0383633506181735,,,,,,,,,,0.010859971427113937,,,,0.0383633506181735,,,0.0383633506181735,,,,,,,,,,,,,,,,,,,,0.07421432639128375,,0.10250730790185666,0.09564604266518215,0.07421432639128375,,0.055283800901131136,,,,,,,,,,,0.023218383565886156,,,,,,,,,,,,,,,,,,0.03460885994237211,0.03460885994237211,0.040599391459917096,0.015532050622120236,,,,,,,,,,,,,,,,,0.011726508858033825,0.011061797647670226,,0.015678334452219507,0.010560690176537425,,,,
897,,0.057548955153047164,0.041602926452406465,0.041602926452406465,0.041602926452406465,,,,,,,0.034026036844856666,0.034026036844856666,,0.020167317288888705,,,,,0.037737049137083666,,,,,,,,,,,,,,0.037737049137083666,,,0.037737049137083666,,,,,,,,,,,,,,,,,,,,0.07360468627296246,,0.10166525259586898,0.0948603498265793,0.07360468627296246,,0.05482966725118165,,,,,,,,,,,0.023027654109827957,,,,,,,,,,,,,,,,,,0.03432456241524789,0.03432456241524789,0.039936585459060474,0.015278481886536752,,,,,,,,,,,,,,,,,0.014844366288138717,0.014124862167355489,0.013262882734329481,0.015549543393467079,,0.012973584011113646,,,
898,,0.057184136524446254,0.042023617821242386,0.042023617821242386,0.04202361782124238,,,,,,,0.03437011023672971,0.03437011023672971,,0.02037125045031466,,,,,0.03811864851508584,,,,,,,,,,,,,,0.03811864851508584,,,0.03811864851508584,,,,,,,,,,,,,,,,,,,,0.07313808595618361,,0.10102076864425323,0.09425900402211941,0.07313808595618361,,0.05448208693525715,,,,,,,,,,,0.022881675487455014,,,,,,,,,,,,,,,,,,0.03410696958920342,0.03410696958920342,0.04034042668457198,0.015432978841599155,,,,,,,,,,,,,,,,,0.0147452907809245,0.014066664676466395,0.013182512463148376,0.015450970568276965,,0.01292510334794868,,,
899,,0.06527889854889203,0.04057630652770885,0.04057630652770885,0.04057630652770885,,,,,,,0.03318638900365523,0.03318638900365523,,0.01966965590970286,,,,,0.03680582602738866,,,,,,,,,,,,,,0.03680582602738866,,,0.03680582602738866,,,,,,,,,,,,,,,,,,,,0.0855551162526521,,0.10238407259041922,0.11037935983877392,0.0855551162526521,,0.06608788141212439,,,,,,,,,,,0.024037772972924094,,,,,,,,,,,,,,,,,,,,0.03895108521057281,0.014901460478155926,,,,,,,,,,,,,,,,,0.014583796929898184,0.013874474175806712,0.013033742307967547,,,0.01273074540586919,0.012237455537640905,0.01149499614023577,0.010725194363109262
900,,0.06546774404105819,0.04015785722980351,0.04015785722980351,0.040157857229803515,,,,,,,0.03284414934788198,0.03284414934788198,,0.019466809608257606,,,,,0.03642626037989757,,,,,,,,,,,,,,0.03642626037989757,,,0.03642626037989757,,,,,,,,,,,,,,,,,,,,0.08580261886674667,,0.10268025973524111,0.11069867657047591,0.08580261886674667,,0.06627906721287964,,,,,,,,,,,0.02410731190768799,,,,,,,,,,,,,,,,,,,,0.038549396253302025,0.014747786913249508,,,,,,,,,,,,,,,,,0.01504480491295846,0.014260176275523246,0.0130553285931097,,,0.012708373422853312,0.012529203314848473,0.012398792730457327,0.010960379249736854
